datetime_utc,symbol,income_type,income,asset,strategy_id,strategy_name,side
2026-02-10T13:25:47+00:00,INJUSDT,REALIZED_PNL,-0.0162,USDT,unknown,unknown,
2026-02-10T13:25:47+00:00,INJUSDT,REALIZED_PNL,-0.5226,USDT,unknown,unknown,
2026-02-10T13:25:47+00:00,INJUSDT,REALIZED_PNL,-0.408,USDT,unknown,unknown,
2026-02-10T13:25:47+00:00,INJUSDT,COMMISSION,-0.0041094,USDT,unknown,unknown,
2026-02-10T13:25:47+00:00,INJUSDT,COMMISSION,-0.1325662,USDT,unknown,unknown,
2026-02-10T13:25:47+00:00,INJUSDT,COMMISSION,-0.103496,USDT,unknown,unknown,
2026-02-10T13:56:02+00:00,LTCUSDT,COMMISSION,-0.09999375,USDT,unknown,unknown,
2026-02-10T14:22:15+00:00,LTCUSDT,REALIZED_PNL,0.19872,USDT,unknown,unknown,
2026-02-10T14:22:15+00:00,LTCUSDT,REALIZED_PNL,0.63828,USDT,unknown,unknown,
2026-02-10T14:22:15+00:00,LTCUSDT,REALIZED_PNL,0.1755,USDT,unknown,unknown,
2026-02-10T14:22:15+00:00,LTCUSDT,COMMISSION,-0.0197248,USDT,unknown,unknown,
2026-02-10T14:22:15+00:00,LTCUSDT,COMMISSION,-0.0633552,USDT,unknown,unknown,
2026-02-10T14:22:15+00:00,LTCUSDT,COMMISSION,-0.01742,USDT,unknown,unknown,
2026-02-10T14:39:21+00:00,DOGEUSDT,COMMISSION,-0.0453277,USDT,unknown,unknown,
2026-02-10T14:39:22+00:00,ETHUSDT,COMMISSION,-0.0201292,USDT,unknown,unknown,
2026-02-10T14:39:22+00:00,ETHUSDT,COMMISSION,-0.01107106,USDT,unknown,unknown,
2026-02-10T14:39:22+00:00,ETHUSDT,COMMISSION,-0.0100645,USDT,unknown,unknown,
2026-02-10T14:39:22+00:00,ETHUSDT,COMMISSION,-0.00503225,USDT,unknown,unknown,
2026-02-10T14:40:46+00:00,BNBUSDT,COMMISSION,-0.0556137,USDT,unknown,unknown,
2026-02-10T14:42:09+00:00,ETHUSDT,REALIZED_PNL,1.52627999,USDT,unknown,unknown,
2026-02-10T14:42:09+00:00,ETHUSDT,COMMISSION,-0.06566307,USDT,unknown,unknown,
2026-02-10T14:44:31+00:00,DOGEUSDT,COMMISSION,-0.00827069,USDT,unknown,unknown,
2026-02-10T14:44:31+00:00,DOGEUSDT,COMMISSION,-0.01792753,USDT,unknown,unknown,
2026-02-10T14:44:31+00:00,DOGEUSDT,COMMISSION,-0.00378881,USDT,unknown,unknown,
2026-02-10T15:04:30+00:00,DOGEUSDT,REALIZED_PNL,0.02745972,USDT,unknown,unknown,
2026-02-10T15:04:30+00:00,DOGEUSDT,REALIZED_PNL,0.38647027,USDT,unknown,unknown,
2026-02-10T15:04:30+00:00,DOGEUSDT,COMMISSION,-0.00498258,USDT,unknown,unknown,
2026-02-10T15:04:30+00:00,DOGEUSDT,COMMISSION,-0.0701252,USDT,unknown,unknown,
2026-02-10T15:07:00+00:00,BNBUSDT,REALIZED_PNL,-0.0011,USDT,unknown,unknown,
2026-02-10T15:07:00+00:00,BNBUSDT,REALIZED_PNL,-0.0022,USDT,unknown,unknown,
2026-02-10T15:07:00+00:00,BNBUSDT,REALIZED_PNL,-0.018,USDT,unknown,unknown,
2026-02-10T15:07:00+00:00,BNBUSDT,COMMISSION,-0.0030902,USDT,unknown,unknown,
2026-02-10T15:07:00+00:00,BNBUSDT,COMMISSION,-0.0061804,USDT,unknown,unknown,
2026-02-10T15:07:00+00:00,BNBUSDT,COMMISSION,-0.04635375,USDT,unknown,unknown,
2026-02-10T16:05:22+00:00,DOGEUSDT,COMMISSION,-0.09979155,USDT,unknown,unknown,
2026-02-10T16:05:22+00:00,DOGEUSDT,COMMISSION,-0.00032445,USDT,unknown,unknown,
2026-02-10T16:12:00+00:00,DOGEUSDT,REALIZED_PNL,-0.44572,USDT,unknown,unknown,
2026-02-10T16:12:00+00:00,DOGEUSDT,REALIZED_PNL,-0.02948,USDT,unknown,unknown,
2026-02-10T16:12:00+00:00,DOGEUSDT,COMMISSION,-0.09412796,USDT,unknown,unknown,
2026-02-10T16:12:00+00:00,DOGEUSDT,COMMISSION,-0.00622564,USDT,unknown,unknown,
2026-02-10T16:15:19+00:00,ETHUSDT,COMMISSION,-0.0936146,USDT,unknown,unknown,
2026-02-10T16:22:25+00:00,ETHUSDT,REALIZED_PNL,-1.05064,USDT,unknown,unknown,
2026-02-10T16:22:25+00:00,ETHUSDT,COMMISSION,-0.09308928,USDT,unknown,unknown,
2026-02-10T16:39:04+00:00,DOGEUSDT,COMMISSION,-0.099938,USDT,unknown,unknown,
2026-02-10T16:52:12+00:00,DOGEUSDT,REALIZED_PNL,-0.749,USDT,unknown,unknown,
2026-02-10T16:52:12+00:00,DOGEUSDT,COMMISSION,-0.0995635,USDT,unknown,unknown,
2026-02-10T17:18:09+00:00,ETHUSDT,COMMISSION,-0.09965816,USDT,unknown,unknown,
2026-02-10T17:44:22+00:00,ETHUSDT,REALIZED_PNL,0.67228,USDT,unknown,unknown,
2026-02-10T17:44:22+00:00,ETHUSDT,COMMISSION,-0.0999943,USDT,unknown,unknown,
2026-02-10T18:06:54+00:00,NEARUSDT,COMMISSION,-0.0249,USDT,unknown,unknown,
2026-02-10T18:06:54+00:00,NEARUSDT,COMMISSION,-0.030876,USDT,unknown,unknown,
2026-02-10T18:26:54+00:00,AVAXUSDT,COMMISSION,-0.008715,USDT,unknown,unknown,
2026-02-10T18:26:54+00:00,AVAXUSDT,COMMISSION,-0.08715,USDT,unknown,unknown,
2026-02-10T18:33:07+00:00,NEARUSDT,REALIZED_PNL,0.896,USDT,unknown,unknown,
2026-02-10T18:33:07+00:00,NEARUSDT,COMMISSION,-0.055328,USDT,unknown,unknown,
2026-02-10T18:53:07+00:00,AVAXUSDT,REALIZED_PNL,0.21,USDT,unknown,unknown,
2026-02-10T18:53:07+00:00,AVAXUSDT,REALIZED_PNL,0.45,USDT,unknown,unknown,
2026-02-10T18:53:07+00:00,AVAXUSDT,COMMISSION,-0.0303975,USDT,unknown,unknown,
2026-02-10T18:53:07+00:00,AVAXUSDT,COMMISSION,-0.0651375,USDT,unknown,unknown,
2026-02-10T18:53:09+00:00,DOGEUSDT,COMMISSION,-0.06997098,USDT,unknown,unknown,
2026-02-10T18:53:09+00:00,DOGEUSDT,COMMISSION,-0.06997098,USDT,unknown,unknown,
2026-02-10T19:18:43+00:00,DOGEUSDT,REALIZED_PNL,0.01428,USDT,unknown,unknown,
2026-02-10T19:18:43+00:00,DOGEUSDT,REALIZED_PNL,0.00696,USDT,unknown,unknown,
2026-02-10T19:18:43+00:00,DOGEUSDT,REALIZED_PNL,0.12708,USDT,unknown,unknown,
2026-02-10T19:18:43+00:00,DOGEUSDT,REALIZED_PNL,0.0336,USDT,unknown,unknown,
2026-02-10T19:18:43+00:00,DOGEUSDT,COMMISSION,-0.00549958,USDT,unknown,unknown,
2026-02-10T19:18:43+00:00,DOGEUSDT,COMMISSION,-0.00268047,USDT,unknown,unknown,
2026-02-10T19:18:43+00:00,DOGEUSDT,COMMISSION,-0.04894168,USDT,unknown,unknown,
2026-02-10T19:18:43+00:00,DOGEUSDT,COMMISSION,-0.0129402,USDT,unknown,unknown,
2026-02-10T19:18:43+00:00,DOGEUSDT,REALIZED_PNL,0.01428,USDT,unknown,unknown,
2026-02-10T19:18:43+00:00,DOGEUSDT,REALIZED_PNL,0.00696,USDT,unknown,unknown,
2026-02-10T19:18:43+00:00,DOGEUSDT,REALIZED_PNL,0.12708,USDT,unknown,unknown,
2026-02-10T19:18:43+00:00,DOGEUSDT,REALIZED_PNL,0.0336,USDT,unknown,unknown,
2026-02-10T19:18:43+00:00,DOGEUSDT,COMMISSION,-0.00549958,USDT,unknown,unknown,
2026-02-10T19:18:43+00:00,DOGEUSDT,COMMISSION,-0.00268047,USDT,unknown,unknown,
2026-02-10T19:18:43+00:00,DOGEUSDT,COMMISSION,-0.04894168,USDT,unknown,unknown,
2026-02-10T19:18:43+00:00,DOGEUSDT,COMMISSION,-0.0129402,USDT,unknown,unknown,
2026-02-10T19:18:43+00:00,DOGEUSDT,REALIZED_PNL,0.01428,USDT,unknown,unknown,
2026-02-10T19:18:43+00:00,DOGEUSDT,REALIZED_PNL,0.00696,USDT,unknown,unknown,
2026-02-10T19:18:43+00:00,DOGEUSDT,REALIZED_PNL,0.12708,USDT,unknown,unknown,
2026-02-10T19:18:43+00:00,DOGEUSDT,REALIZED_PNL,0.0336,USDT,unknown,unknown,
2026-02-10T19:18:43+00:00,DOGEUSDT,COMMISSION,-0.00549958,USDT,unknown,unknown,
2026-02-10T19:18:43+00:00,DOGEUSDT,COMMISSION,-0.00268047,USDT,unknown,unknown,
2026-02-10T19:18:43+00:00,DOGEUSDT,COMMISSION,-0.04894168,USDT,unknown,unknown,
2026-02-10T19:18:43+00:00,DOGEUSDT,COMMISSION,-0.0129402,USDT,unknown,unknown,
2026-02-10T19:38:00+00:00,NEARUSDT,COMMISSION,-0.0956315,USDT,unknown,unknown,
2026-02-10T19:38:00+00:00,NEARUSDT,COMMISSION,-0.0956315,USDT,unknown,unknown,
2026-02-10T19:38:00+00:00,NEARUSDT,COMMISSION,-0.0956315,USDT,unknown,unknown,
2026-02-10T19:38:00+00:00,NEARUSDT,COMMISSION,-0.0956315,USDT,unknown,unknown,
2026-02-10T19:50:23+00:00,NEARUSDT,REALIZED_PNL,-0.772,USDT,unknown,unknown,
2026-02-10T19:50:23+00:00,NEARUSDT,COMMISSION,-0.0952455,USDT,unknown,unknown,
2026-02-10T19:50:23+00:00,NEARUSDT,REALIZED_PNL,-0.772,USDT,unknown,unknown,
2026-02-10T19:50:23+00:00,NEARUSDT,COMMISSION,-0.0952455,USDT,unknown,unknown,
2026-02-10T19:50:23+00:00,NEARUSDT,REALIZED_PNL,-0.772,USDT,unknown,unknown,
2026-02-10T19:50:23+00:00,NEARUSDT,COMMISSION,-0.0952455,USDT,unknown,unknown,
2026-02-10T19:50:23+00:00,NEARUSDT,REALIZED_PNL,-0.772,USDT,unknown,unknown,
2026-02-10T19:50:23+00:00,NEARUSDT,COMMISSION,-0.0952455,USDT,unknown,unknown,
2026-02-10T19:50:23+00:00,NEARUSDT,REALIZED_PNL,-0.772,USDT,unknown,unknown,
2026-02-10T19:50:23+00:00,NEARUSDT,COMMISSION,-0.0952455,USDT,unknown,unknown,
2026-02-10T20:14:14+00:00,AVAXUSDT,COMMISSION,-0.02174,USDT,unknown,unknown,
2026-02-10T20:14:14+00:00,AVAXUSDT,COMMISSION,-0.008696,USDT,unknown,unknown,
2026-02-10T20:14:14+00:00,AVAXUSDT,COMMISSION,-0.004348,USDT,unknown,unknown,
2026-02-10T20:14:14+00:00,AVAXUSDT,COMMISSION,-0.060872,USDT,unknown,unknown,
2026-02-10T20:14:14+00:00,AVAXUSDT,COMMISSION,-0.02174,USDT,unknown,unknown,
2026-02-10T20:14:14+00:00,AVAXUSDT,COMMISSION,-0.008696,USDT,unknown,unknown,
2026-02-10T20:14:14+00:00,AVAXUSDT,COMMISSION,-0.004348,USDT,unknown,unknown,
2026-02-10T20:14:14+00:00,AVAXUSDT,COMMISSION,-0.060872,USDT,unknown,unknown,
2026-02-10T20:14:14+00:00,AVAXUSDT,COMMISSION,-0.02174,USDT,unknown,unknown,
2026-02-10T20:14:14+00:00,AVAXUSDT,COMMISSION,-0.008696,USDT,unknown,unknown,
2026-02-10T20:14:14+00:00,AVAXUSDT,COMMISSION,-0.004348,USDT,unknown,unknown,
2026-02-10T20:14:14+00:00,AVAXUSDT,COMMISSION,-0.060872,USDT,unknown,unknown,
2026-02-10T20:14:14+00:00,AVAXUSDT,COMMISSION,-0.02174,USDT,unknown,unknown,
2026-02-10T20:14:14+00:00,AVAXUSDT,COMMISSION,-0.008696,USDT,unknown,unknown,
2026-02-10T20:14:14+00:00,AVAXUSDT,COMMISSION,-0.004348,USDT,unknown,unknown,
2026-02-10T20:14:14+00:00,AVAXUSDT,COMMISSION,-0.060872,USDT,unknown,unknown,
2026-02-10T20:29:14+00:00,LTCUSDT,COMMISSION,-0.09999868,USDT,unknown,unknown,
2026-02-10T20:29:14+00:00,LTCUSDT,COMMISSION,-0.09999868,USDT,unknown,unknown,
2026-02-10T20:29:14+00:00,LTCUSDT,COMMISSION,-0.09999868,USDT,unknown,unknown,
2026-02-10T20:40:27+00:00,AVAXUSDT,REALIZED_PNL,-0.054,USDT,unknown,unknown,
2026-02-10T20:40:27+00:00,AVAXUSDT,REALIZED_PNL,-0.54,USDT,unknown,unknown,
2026-02-10T20:40:27+00:00,AVAXUSDT,COMMISSION,-0.008723,USDT,unknown,unknown,
2026-02-10T20:40:27+00:00,AVAXUSDT,COMMISSION,-0.08723,USDT,unknown,unknown,
2026-02-10T20:40:27+00:00,AVAXUSDT,REALIZED_PNL,-0.054,USDT,unknown,unknown,
2026-02-10T20:40:27+00:00,AVAXUSDT,REALIZED_PNL,-0.54,USDT,unknown,unknown,
2026-02-10T20:40:27+00:00,AVAXUSDT,COMMISSION,-0.008723,USDT,unknown,unknown,
2026-02-10T20:40:27+00:00,AVAXUSDT,COMMISSION,-0.08723,USDT,unknown,unknown,
2026-02-10T20:40:27+00:00,AVAXUSDT,REALIZED_PNL,-0.054,USDT,unknown,unknown,
2026-02-10T20:40:27+00:00,AVAXUSDT,REALIZED_PNL,-0.54,USDT,unknown,unknown,
2026-02-10T20:40:27+00:00,AVAXUSDT,COMMISSION,-0.008723,USDT,unknown,unknown,
2026-02-10T20:40:27+00:00,AVAXUSDT,COMMISSION,-0.08723,USDT,unknown,unknown,
2026-02-10T20:40:27+00:00,AVAXUSDT,REALIZED_PNL,-0.054,USDT,unknown,unknown,
2026-02-10T20:40:27+00:00,AVAXUSDT,REALIZED_PNL,-0.54,USDT,unknown,unknown,
2026-02-10T20:40:27+00:00,AVAXUSDT,COMMISSION,-0.008723,USDT,unknown,unknown,
2026-02-10T20:40:27+00:00,AVAXUSDT,COMMISSION,-0.08723,USDT,unknown,unknown,
2026-02-10T20:40:27+00:00,AVAXUSDT,REALIZED_PNL,-0.054,USDT,unknown,unknown,
2026-02-10T20:40:27+00:00,AVAXUSDT,REALIZED_PNL,-0.54,USDT,unknown,unknown,
2026-02-10T20:40:27+00:00,AVAXUSDT,COMMISSION,-0.008723,USDT,unknown,unknown,
2026-02-10T20:40:27+00:00,AVAXUSDT,COMMISSION,-0.08723,USDT,unknown,unknown,
2026-02-10T20:54:14+00:00,LTCUSDT,REALIZED_PNL,-0.03752999,USDT,unknown,unknown,
2026-02-10T20:54:14+00:00,LTCUSDT,COMMISSION,-0.09997992,USDT,unknown,unknown,
2026-02-10T20:54:14+00:00,LTCUSDT,REALIZED_PNL,-0.03752999,USDT,unknown,unknown,
2026-02-10T20:54:14+00:00,LTCUSDT,COMMISSION,-0.09997992,USDT,unknown,unknown,
2026-02-10T20:54:14+00:00,LTCUSDT,REALIZED_PNL,-0.03752999,USDT,unknown,unknown,
2026-02-10T20:54:14+00:00,LTCUSDT,COMMISSION,-0.09997992,USDT,unknown,unknown,
2026-02-10T20:54:14+00:00,LTCUSDT,REALIZED_PNL,-0.03752999,USDT,unknown,unknown,
2026-02-10T20:54:14+00:00,LTCUSDT,COMMISSION,-0.09997992,USDT,unknown,unknown,
2026-02-10T20:54:14+00:00,LTCUSDT,REALIZED_PNL,-0.03752999,USDT,unknown,unknown,
2026-02-10T20:54:14+00:00,LTCUSDT,COMMISSION,-0.09997992,USDT,unknown,unknown,
2026-02-10T20:54:14+00:00,LTCUSDT,REALIZED_PNL,-0.03752999,USDT,unknown,unknown,
2026-02-10T20:54:14+00:00,LTCUSDT,COMMISSION,-0.09997992,USDT,unknown,unknown,
2026-02-10T20:54:14+00:00,LTCUSDT,REALIZED_PNL,-0.03752999,USDT,unknown,unknown,
2026-02-10T20:54:14+00:00,LTCUSDT,COMMISSION,-0.09997992,USDT,unknown,unknown,
2026-02-10T20:54:14+00:00,LTCUSDT,REALIZED_PNL,-0.03752999,USDT,unknown,unknown,
2026-02-10T20:54:14+00:00,LTCUSDT,COMMISSION,-0.09997992,USDT,unknown,unknown,
2026-02-10T20:54:14+00:00,LTCUSDT,REALIZED_PNL,-0.03752999,USDT,unknown,unknown,
2026-02-10T20:54:14+00:00,LTCUSDT,COMMISSION,-0.09997992,USDT,unknown,unknown,
2026-02-10T21:30:15+00:00,ETHUSDT,COMMISSION,-0.099247,USDT,unknown,unknown,
2026-02-10T21:31:30+00:00,LTCUSDT,COMMISSION,-0.01950032,USDT,unknown,unknown,
2026-02-10T21:31:30+00:00,LTCUSDT,COMMISSION,-0.04047672,USDT,unknown,unknown,
2026-02-10T21:31:30+00:00,LTCUSDT,COMMISSION,-0.01950032,USDT,unknown,unknown,
2026-02-10T21:31:30+00:00,LTCUSDT,COMMISSION,-0.04047672,USDT,unknown,unknown,
2026-02-10T21:31:30+00:00,LTCUSDT,COMMISSION,-0.01950032,USDT,unknown,unknown,
2026-02-10T21:31:30+00:00,LTCUSDT,COMMISSION,-0.04047672,USDT,unknown,unknown,
2026-02-10T21:31:30+00:00,LTCUSDT,COMMISSION,-0.01950032,USDT,unknown,unknown,
2026-02-10T21:31:30+00:00,LTCUSDT,COMMISSION,-0.04047672,USDT,unknown,unknown,
2026-02-10T21:31:30+00:00,LTCUSDT,COMMISSION,-0.01950032,USDT,unknown,unknown,
2026-02-10T21:31:30+00:00,LTCUSDT,COMMISSION,-0.04047672,USDT,unknown,unknown,
2026-02-10T21:31:30+00:00,LTCUSDT,COMMISSION,-0.01950032,USDT,unknown,unknown,
2026-02-10T21:31:30+00:00,LTCUSDT,COMMISSION,-0.04047672,USDT,unknown,unknown,
2026-02-10T21:51:14+00:00,LTCUSDT,REALIZED_PNL,-0.49072,USDT,unknown,unknown,
2026-02-10T21:51:14+00:00,LTCUSDT,COMMISSION,-0.0602224,USDT,unknown,unknown,
2026-02-10T21:51:14+00:00,LTCUSDT,REALIZED_PNL,-0.49072,USDT,unknown,unknown,
2026-02-10T21:51:14+00:00,LTCUSDT,COMMISSION,-0.0602224,USDT,unknown,unknown,
2026-02-10T21:56:29+00:00,ETHUSDT,REALIZED_PNL,-0.34254,USDT,unknown,unknown,
2026-02-10T21:56:29+00:00,ETHUSDT,COMMISSION,-0.09941827,USDT,unknown,unknown,
2026-02-10T21:56:29+00:00,ETHUSDT,REALIZED_PNL,-0.34254,USDT,unknown,unknown,
2026-02-10T21:56:29+00:00,ETHUSDT,COMMISSION,-0.09941827,USDT,unknown,unknown,
2026-02-10T21:56:29+00:00,ETHUSDT,REALIZED_PNL,-0.34254,USDT,unknown,unknown,
2026-02-10T21:56:29+00:00,ETHUSDT,COMMISSION,-0.09941827,USDT,unknown,unknown,
2026-02-10T21:56:29+00:00,ETHUSDT,REALIZED_PNL,-0.34254,USDT,unknown,unknown,
2026-02-10T21:56:29+00:00,ETHUSDT,COMMISSION,-0.09941827,USDT,unknown,unknown,
2026-02-10T21:56:29+00:00,ETHUSDT,REALIZED_PNL,-0.34254,USDT,unknown,unknown,
2026-02-10T21:56:29+00:00,ETHUSDT,COMMISSION,-0.09941827,USDT,unknown,unknown,
2026-02-10T21:56:29+00:00,ETHUSDT,REALIZED_PNL,-0.34254,USDT,unknown,unknown,
2026-02-10T21:56:29+00:00,ETHUSDT,COMMISSION,-0.09941827,USDT,unknown,unknown,
2026-02-10T21:56:29+00:00,ETHUSDT,REALIZED_PNL,-0.34254,USDT,unknown,unknown,
2026-02-10T21:56:29+00:00,ETHUSDT,COMMISSION,-0.09941827,USDT,unknown,unknown,
2026-02-10T21:56:29+00:00,ETHUSDT,REALIZED_PNL,-0.34254,USDT,unknown,unknown,
2026-02-10T21:56:29+00:00,ETHUSDT,COMMISSION,-0.09941827,USDT,unknown,unknown,
2026-02-10T22:22:45+00:00,AVAXUSDT,COMMISSION,-0.095821,USDT,unknown,unknown,
2026-02-10T22:25:55+00:00,AVAXUSDT,REALIZED_PNL,0.396,USDT,unknown,unknown,
2026-02-10T22:25:55+00:00,AVAXUSDT,COMMISSION,-0.096019,USDT,unknown,unknown,
2026-02-10T22:25:55+00:00,AVAXUSDT,REALIZED_PNL,0.396,USDT,unknown,unknown,
2026-02-10T22:25:55+00:00,AVAXUSDT,COMMISSION,-0.096019,USDT,unknown,unknown,
2026-02-10T22:25:55+00:00,AVAXUSDT,REALIZED_PNL,0.396,USDT,unknown,unknown,
2026-02-10T22:25:55+00:00,AVAXUSDT,COMMISSION,-0.096019,USDT,unknown,unknown,
2026-02-10T22:25:55+00:00,AVAXUSDT,REALIZED_PNL,0.396,USDT,unknown,unknown,
2026-02-10T22:25:55+00:00,AVAXUSDT,COMMISSION,-0.096019,USDT,unknown,unknown,
2026-02-10T22:25:55+00:00,AVAXUSDT,REALIZED_PNL,0.396,USDT,unknown,unknown,
2026-02-10T22:25:55+00:00,AVAXUSDT,COMMISSION,-0.096019,USDT,unknown,unknown,
2026-02-10T22:25:55+00:00,AVAXUSDT,REALIZED_PNL,0.396,USDT,unknown,unknown,
2026-02-10T22:25:55+00:00,AVAXUSDT,COMMISSION,-0.096019,USDT,unknown,unknown,
2026-02-10T22:25:55+00:00,AVAXUSDT,REALIZED_PNL,0.396,USDT,unknown,unknown,
2026-02-10T22:25:55+00:00,AVAXUSDT,COMMISSION,-0.096019,USDT,unknown,unknown,
2026-02-10T22:25:55+00:00,AVAXUSDT,REALIZED_PNL,0.396,USDT,unknown,unknown,
2026-02-10T22:25:55+00:00,AVAXUSDT,COMMISSION,-0.096019,USDT,unknown,unknown,
2026-02-10T22:25:55+00:00,AVAXUSDT,REALIZED_PNL,0.396,USDT,unknown,unknown,
2026-02-10T22:25:55+00:00,AVAXUSDT,COMMISSION,-0.096019,USDT,unknown,unknown,
2026-02-10T22:25:55+00:00,AVAXUSDT,REALIZED_PNL,0.396,USDT,unknown,unknown,
2026-02-10T22:25:55+00:00,AVAXUSDT,COMMISSION,-0.096019,USDT,unknown,unknown,
2026-02-10T22:25:55+00:00,AVAXUSDT,REALIZED_PNL,0.396,USDT,unknown,unknown,
2026-02-10T22:25:55+00:00,AVAXUSDT,COMMISSION,-0.096019,USDT,unknown,unknown,
2026-02-10T22:25:55+00:00,AVAXUSDT,REALIZED_PNL,0.396,USDT,unknown,unknown,
2026-02-10T22:25:55+00:00,AVAXUSDT,COMMISSION,-0.096019,USDT,unknown,unknown,
2026-02-10T22:25:55+00:00,AVAXUSDT,REALIZED_PNL,0.396,USDT,unknown,unknown,
2026-02-10T22:25:55+00:00,AVAXUSDT,COMMISSION,-0.096019,USDT,unknown,unknown,
2026-02-10T22:25:55+00:00,AVAXUSDT,REALIZED_PNL,0.396,USDT,unknown,unknown,
2026-02-10T22:25:55+00:00,AVAXUSDT,COMMISSION,-0.096019,USDT,unknown,unknown,
2026-02-10T22:25:55+00:00,AVAXUSDT,REALIZED_PNL,0.396,USDT,unknown,unknown,
2026-02-10T22:25:55+00:00,AVAXUSDT,COMMISSION,-0.096019,USDT,unknown,unknown,
2026-02-10T22:25:55+00:00,AVAXUSDT,REALIZED_PNL,0.396,USDT,unknown,unknown,
2026-02-10T22:25:55+00:00,AVAXUSDT,COMMISSION,-0.096019,USDT,unknown,unknown,
2026-02-10T22:25:55+00:00,AVAXUSDT,REALIZED_PNL,0.396,USDT,unknown,unknown,
2026-02-10T22:25:55+00:00,AVAXUSDT,COMMISSION,-0.096019,USDT,unknown,unknown,
2026-02-10T22:25:55+00:00,AVAXUSDT,REALIZED_PNL,0.396,USDT,unknown,unknown,
2026-02-10T22:25:55+00:00,AVAXUSDT,COMMISSION,-0.096019,USDT,unknown,unknown,
2026-02-10T22:25:55+00:00,AVAXUSDT,REALIZED_PNL,0.396,USDT,unknown,unknown,
2026-02-10T22:25:55+00:00,AVAXUSDT,COMMISSION,-0.096019,USDT,unknown,unknown,
2026-02-10T22:25:55+00:00,AVAXUSDT,REALIZED_PNL,0.396,USDT,unknown,unknown,
2026-02-10T22:25:55+00:00,AVAXUSDT,COMMISSION,-0.096019,USDT,unknown,unknown,
2026-02-10T22:25:55+00:00,AVAXUSDT,REALIZED_PNL,0.396,USDT,unknown,unknown,
2026-02-10T22:25:55+00:00,AVAXUSDT,COMMISSION,-0.096019,USDT,unknown,unknown,
2026-02-10T23:32:45+00:00,LTCUSDT,COMMISSION,-0.01527618,USDT,unknown,unknown,
2026-02-10T23:32:45+00:00,LTCUSDT,COMMISSION,-0.02004832,USDT,unknown,unknown,
2026-02-10T23:32:45+00:00,LTCUSDT,COMMISSION,-0.01503624,USDT,unknown,unknown,
2026-02-10T23:32:45+00:00,LTCUSDT,COMMISSION,-0.01101058,USDT,unknown,unknown,
2026-02-10T23:32:45+00:00,LTCUSDT,COMMISSION,-0.03865699,USDT,unknown,unknown,
2026-02-10T23:32:45+00:00,LTCUSDT,COMMISSION,-0.01527618,USDT,unknown,unknown,
2026-02-10T23:32:45+00:00,LTCUSDT,COMMISSION,-0.02004832,USDT,unknown,unknown,
2026-02-10T23:32:45+00:00,LTCUSDT,COMMISSION,-0.01503624,USDT,unknown,unknown,
2026-02-10T23:32:45+00:00,LTCUSDT,COMMISSION,-0.01101058,USDT,unknown,unknown,
2026-02-10T23:32:45+00:00,LTCUSDT,COMMISSION,-0.03865699,USDT,unknown,unknown,
2026-02-10T23:39:00+00:00,ETHUSDT,COMMISSION,-0.09993505,USDT,unknown,unknown,
2026-02-10T23:39:00+00:00,ETHUSDT,COMMISSION,-0.09993505,USDT,unknown,unknown,
2026-02-10T23:39:00+00:00,ETHUSDT,COMMISSION,-0.09993505,USDT,unknown,unknown,
2026-02-10T23:39:00+00:00,ETHUSDT,COMMISSION,-0.09993505,USDT,unknown,unknown,
2026-02-10T23:39:00+00:00,ETHUSDT,COMMISSION,-0.09993505,USDT,unknown,unknown,
2026-02-10T23:39:00+00:00,ETHUSDT,COMMISSION,-0.09993505,USDT,unknown,unknown,
2026-02-10T23:58:59+00:00,LTCUSDT,COMMISSION,-0.10002832,USDT,unknown,unknown,
2026-02-11T00:00:00+00:00,ETHUSDT,FUNDING_FEE,0.01688292,USDT,unknown,unknown,
2026-02-11T00:00:00+00:00,ETHUSDT,FUNDING_FEE,0.01688292,USDT,unknown,unknown,
2026-02-11T00:04:01+00:00,LTCUSDT,COMMISSION,-0.09998074,USDT,unknown,unknown,
2026-02-11T00:05:14+00:00,ETHUSDT,REALIZED_PNL,0.25839,USDT,unknown,unknown,
2026-02-11T00:05:14+00:00,ETHUSDT,COMMISSION,-0.10006425,USDT,unknown,unknown,
2026-02-11T00:06:30+00:00,ETHUSDT,COMMISSION,-0.09908192,USDT,unknown,unknown,
2026-02-11T00:06:30+00:00,ETHUSDT,COMMISSION,-0.09908192,USDT,unknown,unknown,
2026-02-11T00:06:30+00:00,ETHUSDT,COMMISSION,-0.09908192,USDT,unknown,unknown,
2026-02-11T00:06:30+00:00,ETHUSDT,COMMISSION,-0.09908192,USDT,unknown,unknown,
2026-02-11T00:06:30+00:00,ETHUSDT,COMMISSION,-0.09908192,USDT,unknown,unknown,
2026-02-11T00:06:30+00:00,ETHUSDT,COMMISSION,-0.09908192,USDT,unknown,unknown,
2026-02-11T00:30:14+00:00,LTCUSDT,REALIZED_PNL,-0.41206,USDT,unknown,unknown,
2026-02-11T00:30:14+00:00,LTCUSDT,COMMISSION,-0.09977471,USDT,unknown,unknown,
2026-02-11T00:30:14+00:00,LTCUSDT,REALIZED_PNL,-0.41206,USDT,unknown,unknown,
2026-02-11T00:30:14+00:00,LTCUSDT,COMMISSION,-0.09977471,USDT,unknown,unknown,
2026-02-11T00:32:44+00:00,ETHUSDT,REALIZED_PNL,0.18228,USDT,unknown,unknown,
2026-02-11T00:32:44+00:00,ETHUSDT,COMMISSION,-0.09917306,USDT,unknown,unknown,
2026-02-11T00:32:44+00:00,ETHUSDT,REALIZED_PNL,0.18228,USDT,unknown,unknown,
2026-02-11T00:32:44+00:00,ETHUSDT,COMMISSION,-0.09917306,USDT,unknown,unknown,
2026-02-11T00:32:44+00:00,ETHUSDT,REALIZED_PNL,0.18228,USDT,unknown,unknown,
2026-02-11T00:32:44+00:00,ETHUSDT,COMMISSION,-0.09917306,USDT,unknown,unknown,
2026-02-11T00:32:44+00:00,ETHUSDT,REALIZED_PNL,0.18228,USDT,unknown,unknown,
2026-02-11T00:32:44+00:00,ETHUSDT,COMMISSION,-0.09917306,USDT,unknown,unknown,
2026-02-11T00:32:44+00:00,ETHUSDT,REALIZED_PNL,0.18228,USDT,unknown,unknown,
2026-02-11T00:32:44+00:00,ETHUSDT,COMMISSION,-0.09917306,USDT,unknown,unknown,
2026-02-11T00:32:44+00:00,ETHUSDT,REALIZED_PNL,0.18228,USDT,unknown,unknown,
2026-02-11T00:32:44+00:00,ETHUSDT,COMMISSION,-0.09917306,USDT,unknown,unknown,
2026-02-11T00:55:16+00:00,LTCUSDT,COMMISSION,-0.00293865,USDT,unknown,unknown,
2026-02-11T00:55:16+00:00,LTCUSDT,COMMISSION,-0.06050947,USDT,unknown,unknown,
2026-02-11T00:55:16+00:00,LTCUSDT,COMMISSION,-0.01052571,USDT,unknown,unknown,
2026-02-11T00:55:16+00:00,LTCUSDT,COMMISSION,-0.02602041,USDT,unknown,unknown,
2026-02-11T00:55:16+00:00,LTCUSDT,COMMISSION,-0.00293865,USDT,unknown,unknown,
2026-02-11T00:55:16+00:00,LTCUSDT,COMMISSION,-0.06050947,USDT,unknown,unknown,
2026-02-11T00:55:16+00:00,LTCUSDT,COMMISSION,-0.01052571,USDT,unknown,unknown,
2026-02-11T00:55:16+00:00,LTCUSDT,COMMISSION,-0.02602041,USDT,unknown,unknown,
2026-02-11T00:55:16+00:00,LTCUSDT,COMMISSION,-0.00293865,USDT,unknown,unknown,
2026-02-11T00:55:16+00:00,LTCUSDT,COMMISSION,-0.06050947,USDT,unknown,unknown,
2026-02-11T00:55:16+00:00,LTCUSDT,COMMISSION,-0.01052571,USDT,unknown,unknown,
2026-02-11T00:55:16+00:00,LTCUSDT,COMMISSION,-0.02602041,USDT,unknown,unknown,
2026-02-11T00:55:16+00:00,LTCUSDT,COMMISSION,-0.00293865,USDT,unknown,unknown,
2026-02-11T00:55:16+00:00,LTCUSDT,COMMISSION,-0.06050947,USDT,unknown,unknown,
2026-02-11T00:55:16+00:00,LTCUSDT,COMMISSION,-0.01052571,USDT,unknown,unknown,
2026-02-11T00:55:16+00:00,LTCUSDT,COMMISSION,-0.02602041,USDT,unknown,unknown,
2026-02-11T00:55:16+00:00,LTCUSDT,COMMISSION,-0.00293865,USDT,unknown,unknown,
2026-02-11T00:55:16+00:00,LTCUSDT,COMMISSION,-0.06050947,USDT,unknown,unknown,
2026-02-11T00:55:16+00:00,LTCUSDT,COMMISSION,-0.01052571,USDT,unknown,unknown,
2026-02-11T00:55:16+00:00,LTCUSDT,COMMISSION,-0.02602041,USDT,unknown,unknown,
2026-02-11T00:55:16+00:00,LTCUSDT,COMMISSION,-0.00293865,USDT,unknown,unknown,
2026-02-11T00:55:16+00:00,LTCUSDT,COMMISSION,-0.06050947,USDT,unknown,unknown,
2026-02-11T00:55:16+00:00,LTCUSDT,COMMISSION,-0.01052571,USDT,unknown,unknown,
2026-02-11T00:55:16+00:00,LTCUSDT,COMMISSION,-0.02602041,USDT,unknown,unknown,
2026-02-11T01:21:29+00:00,LTCUSDT,REALIZED_PNL,-0.26201,USDT,unknown,unknown,
2026-02-11T01:21:29+00:00,LTCUSDT,COMMISSION,-0.09986324,USDT,unknown,unknown,
2026-02-11T01:21:29+00:00,LTCUSDT,REALIZED_PNL,-0.26201,USDT,unknown,unknown,
2026-02-11T01:21:29+00:00,LTCUSDT,COMMISSION,-0.09986324,USDT,unknown,unknown,
2026-02-11T01:21:29+00:00,LTCUSDT,REALIZED_PNL,-0.26201,USDT,unknown,unknown,
2026-02-11T01:21:29+00:00,LTCUSDT,COMMISSION,-0.09986324,USDT,unknown,unknown,
2026-02-11T01:21:29+00:00,LTCUSDT,REALIZED_PNL,-0.26201,USDT,unknown,unknown,
2026-02-11T01:21:29+00:00,LTCUSDT,COMMISSION,-0.09986324,USDT,unknown,unknown,
2026-02-11T01:21:29+00:00,LTCUSDT,REALIZED_PNL,-0.26201,USDT,unknown,unknown,
2026-02-11T01:21:29+00:00,LTCUSDT,COMMISSION,-0.09986324,USDT,unknown,unknown,
2026-02-11T01:21:29+00:00,LTCUSDT,REALIZED_PNL,-0.26201,USDT,unknown,unknown,
2026-02-11T01:21:29+00:00,LTCUSDT,COMMISSION,-0.09986324,USDT,unknown,unknown,
2026-02-11T01:21:29+00:00,LTCUSDT,REALIZED_PNL,-0.26201,USDT,unknown,unknown,
2026-02-11T01:21:29+00:00,LTCUSDT,COMMISSION,-0.09986324,USDT,unknown,unknown,
2026-02-11T01:21:29+00:00,LTCUSDT,REALIZED_PNL,-0.26201,USDT,unknown,unknown,
2026-02-11T01:21:29+00:00,LTCUSDT,COMMISSION,-0.09986324,USDT,unknown,unknown,
2026-02-11T01:44:01+00:00,AVAXUSDT,COMMISSION,-0.096503,USDT,unknown,unknown,
2026-02-11T01:44:01+00:00,AVAXUSDT,COMMISSION,-0.096503,USDT,unknown,unknown,
2026-02-11T01:44:01+00:00,AVAXUSDT,COMMISSION,-0.096503,USDT,unknown,unknown,
2026-02-11T01:44:01+00:00,AVAXUSDT,COMMISSION,-0.096503,USDT,unknown,unknown,
2026-02-11T01:44:01+00:00,AVAXUSDT,COMMISSION,-0.096503,USDT,unknown,unknown,
2026-02-11T02:02:54+00:00,AVAXUSDT,REALIZED_PNL,0.506,USDT,unknown,unknown,
2026-02-11T02:02:54+00:00,AVAXUSDT,COMMISSION,-0.096756,USDT,unknown,unknown,
2026-02-11T02:04:00+00:00,ETHUSDT,COMMISSION,-0.0993573,USDT,unknown,unknown,
2026-02-11T02:05:16+00:00,DOGEUSDT,COMMISSION,-0.09997095,USDT,unknown,unknown,
2026-02-11T02:05:16+00:00,DOGEUSDT,COMMISSION,-0.09997095,USDT,unknown,unknown,
2026-02-11T02:05:16+00:00,DOGEUSDT,COMMISSION,-0.09997095,USDT,unknown,unknown,
2026-02-11T02:05:16+00:00,DOGEUSDT,COMMISSION,-0.09997095,USDT,unknown,unknown,
2026-02-11T02:05:16+00:00,DOGEUSDT,COMMISSION,-0.09997095,USDT,unknown,unknown,
2026-02-11T02:05:16+00:00,DOGEUSDT,COMMISSION,-0.09997095,USDT,unknown,unknown,
2026-02-11T02:05:16+00:00,DOGEUSDT,COMMISSION,-0.09997095,USDT,unknown,unknown,
2026-02-11T02:30:15+00:00,ETHUSDT,REALIZED_PNL,0.02499,USDT,unknown,unknown,
2026-02-11T02:30:15+00:00,ETHUSDT,REALIZED_PNL,0.06663999,USDT,unknown,unknown,
2026-02-11T02:30:15+00:00,ETHUSDT,COMMISSION,-0.02130334,USDT,unknown,unknown,
2026-02-11T02:30:15+00:00,ETHUSDT,COMMISSION,-0.05680892,USDT,unknown,unknown,
2026-02-11T02:30:19+00:00,LTCUSDT,COMMISSION,-0.09994995,USDT,unknown,unknown,
2026-02-11T02:31:29+00:00,DOGEUSDT,REALIZED_PNL,0.4286,USDT,unknown,unknown,
2026-02-11T02:31:29+00:00,DOGEUSDT,COMMISSION,-0.10018525,USDT,unknown,unknown,
2026-02-11T02:31:29+00:00,DOGEUSDT,REALIZED_PNL,0.4286,USDT,unknown,unknown,
2026-02-11T02:31:29+00:00,DOGEUSDT,COMMISSION,-0.10018525,USDT,unknown,unknown,
2026-02-11T02:31:29+00:00,DOGEUSDT,REALIZED_PNL,0.4286,USDT,unknown,unknown,
2026-02-11T02:31:29+00:00,DOGEUSDT,COMMISSION,-0.10018525,USDT,unknown,unknown,
2026-02-11T02:31:29+00:00,DOGEUSDT,REALIZED_PNL,0.4286,USDT,unknown,unknown,
2026-02-11T02:31:29+00:00,DOGEUSDT,COMMISSION,-0.10018525,USDT,unknown,unknown,
2026-02-11T02:31:29+00:00,DOGEUSDT,REALIZED_PNL,0.4286,USDT,unknown,unknown,
2026-02-11T02:31:29+00:00,DOGEUSDT,COMMISSION,-0.10018525,USDT,unknown,unknown,
2026-02-11T02:44:39+00:00,LTCUSDT,REALIZED_PNL,-0.1504,USDT,unknown,unknown,
2026-02-11T02:44:39+00:00,LTCUSDT,REALIZED_PNL,-0.075,USDT,unknown,unknown,
2026-02-11T02:44:39+00:00,LTCUSDT,REALIZED_PNL,-0.5198,USDT,unknown,unknown,
2026-02-11T02:44:39+00:00,LTCUSDT,COMMISSION,-0.0200972,USDT,unknown,unknown,
2026-02-11T02:44:39+00:00,LTCUSDT,COMMISSION,-0.01002187,USDT,unknown,unknown,
2026-02-11T02:44:39+00:00,LTCUSDT,COMMISSION,-0.06945827,USDT,unknown,unknown,
2026-02-11T02:44:39+00:00,LTCUSDT,REALIZED_PNL,-0.1504,USDT,unknown,unknown,
2026-02-11T02:44:39+00:00,LTCUSDT,REALIZED_PNL,-0.075,USDT,unknown,unknown,
2026-02-11T02:44:39+00:00,LTCUSDT,REALIZED_PNL,-0.5198,USDT,unknown,unknown,
2026-02-11T02:44:39+00:00,LTCUSDT,COMMISSION,-0.0200972,USDT,unknown,unknown,
2026-02-11T02:44:39+00:00,LTCUSDT,COMMISSION,-0.01002187,USDT,unknown,unknown,
2026-02-11T02:44:39+00:00,LTCUSDT,COMMISSION,-0.06945827,USDT,unknown,unknown,
2026-02-11T02:44:39+00:00,LTCUSDT,REALIZED_PNL,-0.1504,USDT,unknown,unknown,
2026-02-11T02:44:39+00:00,LTCUSDT,REALIZED_PNL,-0.075,USDT,unknown,unknown,
2026-02-11T02:44:39+00:00,LTCUSDT,REALIZED_PNL,-0.5198,USDT,unknown,unknown,
2026-02-11T02:44:39+00:00,LTCUSDT,COMMISSION,-0.0200972,USDT,unknown,unknown,
2026-02-11T02:44:39+00:00,LTCUSDT,COMMISSION,-0.01002187,USDT,unknown,unknown,
2026-02-11T02:44:39+00:00,LTCUSDT,COMMISSION,-0.06945827,USDT,unknown,unknown,
2026-02-11T02:44:39+00:00,LTCUSDT,REALIZED_PNL,-0.1504,USDT,unknown,unknown,
2026-02-11T02:44:39+00:00,LTCUSDT,REALIZED_PNL,-0.075,USDT,unknown,unknown,
2026-02-11T02:44:39+00:00,LTCUSDT,REALIZED_PNL,-0.5198,USDT,unknown,unknown,
2026-02-11T02:44:39+00:00,LTCUSDT,COMMISSION,-0.0200972,USDT,unknown,unknown,
2026-02-11T02:44:39+00:00,LTCUSDT,COMMISSION,-0.01002187,USDT,unknown,unknown,
2026-02-11T02:44:39+00:00,LTCUSDT,COMMISSION,-0.06945827,USDT,unknown,unknown,
2026-02-11T02:44:39+00:00,LTCUSDT,REALIZED_PNL,-0.1504,USDT,unknown,unknown,
2026-02-11T02:44:39+00:00,LTCUSDT,REALIZED_PNL,-0.075,USDT,unknown,unknown,
2026-02-11T02:44:39+00:00,LTCUSDT,REALIZED_PNL,-0.5198,USDT,unknown,unknown,
2026-02-11T02:44:39+00:00,LTCUSDT,COMMISSION,-0.0200972,USDT,unknown,unknown,
2026-02-11T02:44:39+00:00,LTCUSDT,COMMISSION,-0.01002187,USDT,unknown,unknown,
2026-02-11T02:44:39+00:00,LTCUSDT,COMMISSION,-0.06945827,USDT,unknown,unknown,
2026-02-11T02:44:39+00:00,LTCUSDT,REALIZED_PNL,-0.1504,USDT,unknown,unknown,
2026-02-11T02:44:39+00:00,LTCUSDT,REALIZED_PNL,-0.075,USDT,unknown,unknown,
2026-02-11T02:44:39+00:00,LTCUSDT,REALIZED_PNL,-0.5198,USDT,unknown,unknown,
2026-02-11T02:44:39+00:00,LTCUSDT,COMMISSION,-0.0200972,USDT,unknown,unknown,
2026-02-11T02:44:39+00:00,LTCUSDT,COMMISSION,-0.01002187,USDT,unknown,unknown,
2026-02-11T02:44:39+00:00,LTCUSDT,COMMISSION,-0.06945827,USDT,unknown,unknown,
2026-02-11T02:44:39+00:00,LTCUSDT,REALIZED_PNL,-0.1504,USDT,unknown,unknown,
2026-02-11T02:44:39+00:00,LTCUSDT,REALIZED_PNL,-0.075,USDT,unknown,unknown,
2026-02-11T02:44:39+00:00,LTCUSDT,REALIZED_PNL,-0.5198,USDT,unknown,unknown,
2026-02-11T02:44:39+00:00,LTCUSDT,COMMISSION,-0.0200972,USDT,unknown,unknown,
2026-02-11T02:44:39+00:00,LTCUSDT,COMMISSION,-0.01002187,USDT,unknown,unknown,
2026-02-11T02:44:39+00:00,LTCUSDT,COMMISSION,-0.06945827,USDT,unknown,unknown,
2026-02-11T03:06:31+00:00,DOGEUSDT,COMMISSION,-0.01340815,USDT,unknown,unknown,
2026-02-11T03:06:31+00:00,DOGEUSDT,COMMISSION,-0.01994985,USDT,unknown,unknown,
2026-02-11T03:06:31+00:00,DOGEUSDT,COMMISSION,-0.00301567,USDT,unknown,unknown,
2026-02-11T03:06:31+00:00,DOGEUSDT,COMMISSION,-0.01466082,USDT,unknown,unknown,
2026-02-11T03:06:31+00:00,DOGEUSDT,COMMISSION,-0.04890033,USDT,unknown,unknown,
2026-02-11T03:06:31+00:00,DOGEUSDT,COMMISSION,-0.01340815,USDT,unknown,unknown,
2026-02-11T03:06:31+00:00,DOGEUSDT,COMMISSION,-0.01994985,USDT,unknown,unknown,
2026-02-11T03:06:31+00:00,DOGEUSDT,COMMISSION,-0.00301567,USDT,unknown,unknown,
2026-02-11T03:06:31+00:00,DOGEUSDT,COMMISSION,-0.01466082,USDT,unknown,unknown,
2026-02-11T03:06:31+00:00,DOGEUSDT,COMMISSION,-0.04890033,USDT,unknown,unknown,
2026-02-11T03:06:31+00:00,DOGEUSDT,COMMISSION,-0.01340815,USDT,unknown,unknown,
2026-02-11T03:06:31+00:00,DOGEUSDT,COMMISSION,-0.01994985,USDT,unknown,unknown,
2026-02-11T03:06:31+00:00,DOGEUSDT,COMMISSION,-0.00301567,USDT,unknown,unknown,
2026-02-11T03:06:31+00:00,DOGEUSDT,COMMISSION,-0.01466082,USDT,unknown,unknown,
2026-02-11T03:06:31+00:00,DOGEUSDT,COMMISSION,-0.04890033,USDT,unknown,unknown,
2026-02-11T03:06:31+00:00,DOGEUSDT,COMMISSION,-0.01340815,USDT,unknown,unknown,
2026-02-11T03:06:31+00:00,DOGEUSDT,COMMISSION,-0.01994985,USDT,unknown,unknown,
2026-02-11T03:06:31+00:00,DOGEUSDT,COMMISSION,-0.00301567,USDT,unknown,unknown,
2026-02-11T03:06:31+00:00,DOGEUSDT,COMMISSION,-0.01466082,USDT,unknown,unknown,
2026-02-11T03:06:31+00:00,DOGEUSDT,COMMISSION,-0.04890033,USDT,unknown,unknown,
2026-02-11T03:15:16+00:00,ETHUSDT,COMMISSION,-0.09944451,USDT,unknown,unknown,
2026-02-11T03:15:16+00:00,ETHUSDT,COMMISSION,-0.09944451,USDT,unknown,unknown,
2026-02-11T03:15:16+00:00,ETHUSDT,COMMISSION,-0.09944451,USDT,unknown,unknown,
2026-02-11T03:15:16+00:00,ETHUSDT,COMMISSION,-0.09944451,USDT,unknown,unknown,
2026-02-11T03:15:16+00:00,ETHUSDT,COMMISSION,-0.09944451,USDT,unknown,unknown,
2026-02-11T03:23:22+00:00,DOGEUSDT,REALIZED_PNL,0.7539,USDT,unknown,unknown,
2026-02-11T03:23:22+00:00,DOGEUSDT,COMMISSION,-0.09955788,USDT,unknown,unknown,
2026-02-11T03:23:26+00:00,ETHUSDT,REALIZED_PNL,0.45441,USDT,unknown,unknown,
2026-02-11T03:23:26+00:00,ETHUSDT,COMMISSION,-0.0992173,USDT,unknown,unknown,
2026-02-11T03:23:26+00:00,ETHUSDT,REALIZED_PNL,0.45441,USDT,unknown,unknown,
2026-02-11T03:23:26+00:00,ETHUSDT,COMMISSION,-0.0992173,USDT,unknown,unknown,
2026-02-11T03:23:26+00:00,ETHUSDT,REALIZED_PNL,0.45441,USDT,unknown,unknown,
2026-02-11T03:23:26+00:00,ETHUSDT,COMMISSION,-0.0992173,USDT,unknown,unknown,
2026-02-11T03:23:26+00:00,ETHUSDT,REALIZED_PNL,0.45441,USDT,unknown,unknown,
2026-02-11T03:23:26+00:00,ETHUSDT,COMMISSION,-0.0992173,USDT,unknown,unknown,
2026-02-11T03:23:26+00:00,ETHUSDT,REALIZED_PNL,0.45441,USDT,unknown,unknown,
2026-02-11T03:23:26+00:00,ETHUSDT,COMMISSION,-0.0992173,USDT,unknown,unknown,
2026-02-11T03:41:31+00:00,AVAXUSDT,COMMISSION,-0.0581555,USDT,unknown,unknown,
2026-02-11T03:41:31+00:00,AVAXUSDT,COMMISSION,-0.0581555,USDT,unknown,unknown,
2026-02-11T03:43:45+00:00,AVAXUSDT,REALIZED_PNL,-0.559,USDT,unknown,unknown,
2026-02-11T03:43:45+00:00,AVAXUSDT,COMMISSION,-0.057876,USDT,unknown,unknown,
2026-02-11T03:43:45+00:00,AVAXUSDT,REALIZED_PNL,-0.559,USDT,unknown,unknown,
2026-02-11T03:43:45+00:00,AVAXUSDT,COMMISSION,-0.057876,USDT,unknown,unknown,
2026-02-11T03:43:45+00:00,AVAXUSDT,REALIZED_PNL,-0.559,USDT,unknown,unknown,
2026-02-11T03:43:45+00:00,AVAXUSDT,COMMISSION,-0.057876,USDT,unknown,unknown,
2026-02-11T03:43:45+00:00,AVAXUSDT,REALIZED_PNL,-0.559,USDT,unknown,unknown,
2026-02-11T03:43:45+00:00,AVAXUSDT,COMMISSION,-0.057876,USDT,unknown,unknown,
2026-02-11T03:43:45+00:00,AVAXUSDT,REALIZED_PNL,-0.559,USDT,unknown,unknown,
2026-02-11T03:43:45+00:00,AVAXUSDT,COMMISSION,-0.057876,USDT,unknown,unknown,
2026-02-11T03:43:45+00:00,AVAXUSDT,REALIZED_PNL,-0.559,USDT,unknown,unknown,
2026-02-11T03:43:45+00:00,AVAXUSDT,COMMISSION,-0.057876,USDT,unknown,unknown,
2026-02-11T03:43:45+00:00,AVAXUSDT,REALIZED_PNL,-0.559,USDT,unknown,unknown,
2026-02-11T03:43:45+00:00,AVAXUSDT,COMMISSION,-0.057876,USDT,unknown,unknown,
2026-02-11T04:12:46+00:00,ETHUSDT,COMMISSION,-0.09916137,USDT,unknown,unknown,
2026-02-11T04:12:46+00:00,ETHUSDT,COMMISSION,-0.09916137,USDT,unknown,unknown,
2026-02-11T04:14:01+00:00,LTCUSDT,COMMISSION,-0.10001496,USDT,unknown,unknown,
2026-02-11T04:14:01+00:00,LTCUSDT,COMMISSION,-0.10001496,USDT,unknown,unknown,
2026-02-11T04:14:01+00:00,LTCUSDT,COMMISSION,-0.10001496,USDT,unknown,unknown,
2026-02-11T04:23:28+00:00,ETHUSDT,REALIZED_PNL,1.97802,USDT,unknown,unknown,
2026-02-11T04:23:28+00:00,ETHUSDT,COMMISSION,-0.09817236,USDT,unknown,unknown,
2026-02-11T04:24:54+00:00,LTCUSDT,REALIZED_PNL,0.14288,USDT,unknown,unknown,
2026-02-11T04:24:54+00:00,LTCUSDT,REALIZED_PNL,0.10811,USDT,unknown,unknown,
2026-02-11T04:24:54+00:00,LTCUSDT,REALIZED_PNL,0.46664,USDT,unknown,unknown,
2026-02-11T04:24:54+00:00,LTCUSDT,COMMISSION,-0.01984152,USDT,unknown,unknown,
2026-02-11T04:24:54+00:00,LTCUSDT,COMMISSION,-0.01501306,USDT,unknown,unknown,
2026-02-11T04:24:54+00:00,LTCUSDT,COMMISSION,-0.06480155,USDT,unknown,unknown,
2026-02-11T04:24:54+00:00,LTCUSDT,REALIZED_PNL,0.14288,USDT,unknown,unknown,
2026-02-11T04:24:54+00:00,LTCUSDT,REALIZED_PNL,0.10811,USDT,unknown,unknown,
2026-02-11T04:24:54+00:00,LTCUSDT,REALIZED_PNL,0.46664,USDT,unknown,unknown,
2026-02-11T04:24:54+00:00,LTCUSDT,COMMISSION,-0.01984152,USDT,unknown,unknown,
2026-02-11T04:24:54+00:00,LTCUSDT,COMMISSION,-0.01501306,USDT,unknown,unknown,
2026-02-11T04:24:54+00:00,LTCUSDT,COMMISSION,-0.06480155,USDT,unknown,unknown,
2026-02-11T04:24:54+00:00,LTCUSDT,REALIZED_PNL,0.14288,USDT,unknown,unknown,
2026-02-11T04:24:54+00:00,LTCUSDT,REALIZED_PNL,0.10811,USDT,unknown,unknown,
2026-02-11T04:24:54+00:00,LTCUSDT,REALIZED_PNL,0.46664,USDT,unknown,unknown,
2026-02-11T04:24:54+00:00,LTCUSDT,COMMISSION,-0.01984152,USDT,unknown,unknown,
2026-02-11T04:24:54+00:00,LTCUSDT,COMMISSION,-0.01501306,USDT,unknown,unknown,
2026-02-11T04:24:54+00:00,LTCUSDT,COMMISSION,-0.06480155,USDT,unknown,unknown,
2026-02-11T04:24:54+00:00,LTCUSDT,REALIZED_PNL,0.14288,USDT,unknown,unknown,
2026-02-11T04:24:54+00:00,LTCUSDT,REALIZED_PNL,0.10811,USDT,unknown,unknown,
2026-02-11T04:24:54+00:00,LTCUSDT,REALIZED_PNL,0.46664,USDT,unknown,unknown,
2026-02-11T04:24:54+00:00,LTCUSDT,COMMISSION,-0.01984152,USDT,unknown,unknown,
2026-02-11T04:24:54+00:00,LTCUSDT,COMMISSION,-0.01501306,USDT,unknown,unknown,
2026-02-11T04:24:54+00:00,LTCUSDT,COMMISSION,-0.06480155,USDT,unknown,unknown,
2026-02-11T04:24:54+00:00,LTCUSDT,REALIZED_PNL,0.14288,USDT,unknown,unknown,
2026-02-11T04:24:54+00:00,LTCUSDT,REALIZED_PNL,0.10811,USDT,unknown,unknown,
2026-02-11T04:24:54+00:00,LTCUSDT,REALIZED_PNL,0.46664,USDT,unknown,unknown,
2026-02-11T04:24:54+00:00,LTCUSDT,COMMISSION,-0.01984152,USDT,unknown,unknown,
2026-02-11T04:24:54+00:00,LTCUSDT,COMMISSION,-0.01501306,USDT,unknown,unknown,
2026-02-11T04:24:54+00:00,LTCUSDT,COMMISSION,-0.06480155,USDT,unknown,unknown,
2026-02-11T04:37:43+00:00,ETHUSDT,COMMISSION,-0.0693959,USDT,unknown,unknown,
2026-02-11T04:38:26+00:00,ETHUSDT,REALIZED_PNL,-0.4277,USDT,unknown,unknown,
2026-02-11T04:38:26+00:00,ETHUSDT,COMMISSION,-0.06918204,USDT,unknown,unknown,
2026-02-11T04:40:13+00:00,NEARUSDT,COMMISSION,-0.07391449,USDT,unknown,unknown,
2026-02-11T04:40:13+00:00,NEARUSDT,COMMISSION,-0.07391449,USDT,unknown,unknown,
2026-02-11T04:43:58+00:00,DOGEUSDT,COMMISSION,-0.00119132,USDT,unknown,unknown,
2026-02-11T04:43:58+00:00,DOGEUSDT,COMMISSION,-0.00494856,USDT,unknown,unknown,
2026-02-11T04:43:58+00:00,DOGEUSDT,COMMISSION,-0.06382726,USDT,unknown,unknown,
2026-02-11T04:43:58+00:00,DOGEUSDT,COMMISSION,-0.00119132,USDT,unknown,unknown,
2026-02-11T04:43:58+00:00,DOGEUSDT,COMMISSION,-0.00494856,USDT,unknown,unknown,
2026-02-11T04:43:58+00:00,DOGEUSDT,COMMISSION,-0.06382726,USDT,unknown,unknown,
2026-02-11T04:43:58+00:00,DOGEUSDT,COMMISSION,-0.00119132,USDT,unknown,unknown,
2026-02-11T04:43:58+00:00,DOGEUSDT,COMMISSION,-0.00494856,USDT,unknown,unknown,
2026-02-11T04:43:58+00:00,DOGEUSDT,COMMISSION,-0.06382726,USDT,unknown,unknown,
2026-02-11T04:53:55+00:00,DOGEUSDT,COMMISSION,-0.06454976,USDT,unknown,unknown,
2026-02-11T04:53:55+00:00,DOGEUSDT,COMMISSION,-0.00540971,USDT,unknown,unknown,
2026-02-11T04:53:55+00:00,DOGEUSDT,COMMISSION,-0.06454976,USDT,unknown,unknown,
2026-02-11T04:53:55+00:00,DOGEUSDT,COMMISSION,-0.00540971,USDT,unknown,unknown,
2026-02-11T04:53:55+00:00,DOGEUSDT,COMMISSION,-0.06454976,USDT,unknown,unknown,
2026-02-11T04:53:55+00:00,DOGEUSDT,COMMISSION,-0.00540971,USDT,unknown,unknown,
2026-02-11T05:06:24+00:00,NEARUSDT,REALIZED_PNL,-0.033,USDT,unknown,unknown,
2026-02-11T05:06:24+00:00,NEARUSDT,REALIZED_PNL,-0.42,USDT,unknown,unknown,
2026-02-11T05:06:24+00:00,NEARUSDT,COMMISSION,-0.005401,USDT,unknown,unknown,
2026-02-11T05:06:24+00:00,NEARUSDT,COMMISSION,-0.06874,USDT,unknown,unknown,
2026-02-11T05:06:53+00:00,DOGEUSDT,REALIZED_PNL,1.38913999,USDT,unknown,unknown,
2026-02-11T05:06:53+00:00,DOGEUSDT,COMMISSION,-0.14062118,USDT,unknown,unknown,
2026-02-11T05:06:53+00:00,DOGEUSDT,REALIZED_PNL,1.38913999,USDT,unknown,unknown,
2026-02-11T05:06:53+00:00,DOGEUSDT,COMMISSION,-0.14062118,USDT,unknown,unknown,
2026-02-11T05:06:53+00:00,DOGEUSDT,REALIZED_PNL,1.38913999,USDT,unknown,unknown,
2026-02-11T05:06:53+00:00,DOGEUSDT,COMMISSION,-0.14062118,USDT,unknown,unknown,
2026-02-11T05:06:53+00:00,DOGEUSDT,REALIZED_PNL,1.38913999,USDT,unknown,unknown,
2026-02-11T05:06:53+00:00,DOGEUSDT,COMMISSION,-0.14062118,USDT,unknown,unknown,
2026-02-11T05:06:53+00:00,DOGEUSDT,REALIZED_PNL,1.38913999,USDT,unknown,unknown,
2026-02-11T05:06:53+00:00,DOGEUSDT,COMMISSION,-0.14062118,USDT,unknown,unknown,
2026-02-11T05:06:53+00:00,DOGEUSDT,REALIZED_PNL,1.38913999,USDT,unknown,unknown,
2026-02-11T05:06:53+00:00,DOGEUSDT,COMMISSION,-0.14062118,USDT,unknown,unknown,
2026-02-11T05:06:53+00:00,DOGEUSDT,REALIZED_PNL,1.38913999,USDT,unknown,unknown,
2026-02-11T05:06:53+00:00,DOGEUSDT,COMMISSION,-0.14062118,USDT,unknown,unknown,
2026-02-11T05:06:53+00:00,DOGEUSDT,REALIZED_PNL,1.38913999,USDT,unknown,unknown,
2026-02-11T05:06:53+00:00,DOGEUSDT,COMMISSION,-0.14062118,USDT,unknown,unknown,
2026-02-11T05:06:53+00:00,DOGEUSDT,REALIZED_PNL,1.38913999,USDT,unknown,unknown,
2026-02-11T05:06:53+00:00,DOGEUSDT,COMMISSION,-0.14062118,USDT,unknown,unknown,
2026-02-11T05:06:53+00:00,DOGEUSDT,REALIZED_PNL,1.38913999,USDT,unknown,unknown,
2026-02-11T05:06:53+00:00,DOGEUSDT,COMMISSION,-0.14062118,USDT,unknown,unknown,
2026-02-11T05:06:53+00:00,DOGEUSDT,REALIZED_PNL,1.38913999,USDT,unknown,unknown,
2026-02-11T05:06:53+00:00,DOGEUSDT,COMMISSION,-0.14062118,USDT,unknown,unknown,
2026-02-11T05:06:53+00:00,DOGEUSDT,REALIZED_PNL,1.38913999,USDT,unknown,unknown,
2026-02-11T05:06:53+00:00,DOGEUSDT,COMMISSION,-0.14062118,USDT,unknown,unknown,
2026-02-11T05:06:53+00:00,DOGEUSDT,REALIZED_PNL,1.38913999,USDT,unknown,unknown,
2026-02-11T05:06:53+00:00,DOGEUSDT,COMMISSION,-0.14062118,USDT,unknown,unknown,
2026-02-11T05:06:53+00:00,DOGEUSDT,REALIZED_PNL,1.38913999,USDT,unknown,unknown,
2026-02-11T05:06:53+00:00,DOGEUSDT,COMMISSION,-0.14062118,USDT,unknown,unknown,
2026-02-11T05:06:53+00:00,DOGEUSDT,REALIZED_PNL,1.38913999,USDT,unknown,unknown,
2026-02-11T05:06:53+00:00,DOGEUSDT,COMMISSION,-0.14062118,USDT,unknown,unknown,
2026-02-11T06:08:31+00:00,ETHUSDT,COMMISSION,-0.01278134,USDT,unknown,unknown,
2026-02-11T06:08:31+00:00,ETHUSDT,COMMISSION,-0.0245795,USDT,unknown,unknown,
2026-02-11T06:08:31+00:00,ETHUSDT,COMMISSION,-0.0196636,USDT,unknown,unknown,
2026-02-11T06:08:31+00:00,ETHUSDT,COMMISSION,-0.02261314,USDT,unknown,unknown,
2026-02-11T06:08:31+00:00,ETHUSDT,COMMISSION,-0.01278134,USDT,unknown,unknown,
2026-02-11T06:08:31+00:00,ETHUSDT,COMMISSION,-0.0245795,USDT,unknown,unknown,
2026-02-11T06:08:31+00:00,ETHUSDT,COMMISSION,-0.0196636,USDT,unknown,unknown,
2026-02-11T06:08:31+00:00,ETHUSDT,COMMISSION,-0.02261314,USDT,unknown,unknown,
2026-02-11T06:13:31+00:00,DOGEUSDT,COMMISSION,-0.07237312,USDT,unknown,unknown,
2026-02-11T06:14:46+00:00,LTCUSDT,COMMISSION,-0.07676935,USDT,unknown,unknown,
2026-02-11T06:14:46+00:00,LTCUSDT,COMMISSION,-0.07676935,USDT,unknown,unknown,
2026-02-11T06:18:36+00:00,ETHUSDT,REALIZED_PNL,1.66212,USDT,unknown,unknown,
2026-02-11T06:18:36+00:00,ETHUSDT,COMMISSION,-0.07880652,USDT,unknown,unknown,
2026-02-11T06:19:46+00:00,ETHUSDT,COMMISSION,-0.04946158,USDT,unknown,unknown,
2026-02-11T06:19:46+00:00,ETHUSDT,COMMISSION,-0.04946158,USDT,unknown,unknown,
2026-02-11T06:19:46+00:00,ETHUSDT,COMMISSION,-0.04946158,USDT,unknown,unknown,
2026-02-11T06:19:46+00:00,ETHUSDT,COMMISSION,-0.04946158,USDT,unknown,unknown,
2026-02-11T06:19:46+00:00,ETHUSDT,COMMISSION,-0.04946158,USDT,unknown,unknown,
2026-02-11T06:29:02+00:00,ETHUSDT,REALIZED_PNL,-0.95676,USDT,unknown,unknown,
2026-02-11T06:29:02+00:00,ETHUSDT,COMMISSION,-0.04993996,USDT,unknown,unknown,
2026-02-11T06:29:02+00:00,ETHUSDT,REALIZED_PNL,-0.95676,USDT,unknown,unknown,
2026-02-11T06:29:02+00:00,ETHUSDT,COMMISSION,-0.04993996,USDT,unknown,unknown,
2026-02-11T06:29:02+00:00,ETHUSDT,REALIZED_PNL,-0.95676,USDT,bb_squeeze,Bollinger Squeeze Breakout,SHORT
2026-02-11T06:29:02+00:00,ETHUSDT,COMMISSION,-0.04993996,USDT,bb_squeeze,Bollinger Squeeze Breakout,SHORT
2026-02-11T06:29:02+00:00,ETHUSDT,REALIZED_PNL,-0.95676,USDT,bb_squeeze,Bollinger Squeeze Breakout,SHORT
2026-02-11T06:29:02+00:00,ETHUSDT,COMMISSION,-0.04993996,USDT,bb_squeeze,Bollinger Squeeze Breakout,SHORT
2026-02-11T06:29:02+00:00,ETHUSDT,REALIZED_PNL,-0.95676,USDT,bb_squeeze,Bollinger Squeeze Breakout,SHORT
2026-02-11T06:29:02+00:00,ETHUSDT,COMMISSION,-0.04993996,USDT,bb_squeeze,Bollinger Squeeze Breakout,SHORT
2026-02-11T06:45:54+00:00,DOGEUSDT,COMMISSION,-0.08003512,USDT,bb_squeeze,Bollinger Squeeze Breakout,SHORT
2026-02-11T06:45:54+00:00,DOGEUSDT,COMMISSION,-0.08003512,USDT,bb_squeeze,Bollinger Squeeze Breakout,SHORT
2026-02-11T06:45:54+00:00,DOGEUSDT,COMMISSION,-0.08003512,USDT,bb_squeeze,Bollinger Squeeze Breakout,SHORT
2026-02-11T06:53:54+00:00,DOGEUSDT,REALIZED_PNL,0.05854218,USDT,atr_breakout,ATR Volatility Breakout,SHORT
2026-02-11T06:53:54+00:00,DOGEUSDT,REALIZED_PNL,0.04044733,USDT,atr_breakout,ATR Volatility Breakout,SHORT
2026-02-11T06:53:54+00:00,DOGEUSDT,REALIZED_PNL,1.68974047,USDT,atr_breakout,ATR Volatility Breakout,SHORT
2026-02-11T06:53:54+00:00,DOGEUSDT,COMMISSION,-0.0049588,USDT,atr_breakout,ATR Volatility Breakout,SHORT
2026-02-11T06:53:54+00:00,DOGEUSDT,COMMISSION,-0.00342608,USDT,atr_breakout,ATR Volatility Breakout,SHORT
2026-02-11T06:53:54+00:00,DOGEUSDT,COMMISSION,-0.143129,USDT,atr_breakout,ATR Volatility Breakout,SHORT
2026-02-11T06:55:07+00:00,LTCUSDT,REALIZED_PNL,0.05264,USDT,bb_squeeze,Bollinger Squeeze Breakout,SHORT
2026-02-11T06:55:07+00:00,LTCUSDT,REALIZED_PNL,0.04039,USDT,bb_squeeze,Bollinger Squeeze Breakout,SHORT
2026-02-11T06:55:07+00:00,LTCUSDT,REALIZED_PNL,0.04512,USDT,bb_squeeze,Bollinger Squeeze Breakout,SHORT
2026-02-11T06:55:07+00:00,LTCUSDT,REALIZED_PNL,0.05196,USDT,bb_squeeze,Bollinger Squeeze Breakout,SHORT
2026-02-11T06:55:07+00:00,LTCUSDT,COMMISSION,-0.01956328,USDT,bb_squeeze,Bollinger Squeeze Breakout,SHORT
2026-02-11T06:55:07+00:00,LTCUSDT,COMMISSION,-0.01501065,USDT,bb_squeeze,Bollinger Squeeze Breakout,SHORT
2026-02-11T06:55:07+00:00,LTCUSDT,COMMISSION,-0.01956704,USDT,bb_squeeze,Bollinger Squeeze Breakout,SHORT
2026-02-11T06:55:07+00:00,LTCUSDT,COMMISSION,-0.02253332,USDT,bb_squeeze,Bollinger Squeeze Breakout,SHORT
2026-02-11T06:55:07+00:00,LTCUSDT,REALIZED_PNL,0.05264,USDT,bb_squeeze,Bollinger Squeeze Breakout,SHORT
2026-02-11T06:55:07+00:00,LTCUSDT,REALIZED_PNL,0.04039,USDT,bb_squeeze,Bollinger Squeeze Breakout,SHORT
2026-02-11T06:55:07+00:00,LTCUSDT,REALIZED_PNL,0.04512,USDT,bb_squeeze,Bollinger Squeeze Breakout,SHORT
2026-02-11T06:55:07+00:00,LTCUSDT,REALIZED_PNL,0.05196,USDT,bb_squeeze,Bollinger Squeeze Breakout,SHORT
2026-02-11T06:55:07+00:00,LTCUSDT,COMMISSION,-0.01956328,USDT,bb_squeeze,Bollinger Squeeze Breakout,SHORT
2026-02-11T06:55:07+00:00,LTCUSDT,COMMISSION,-0.01501065,USDT,bb_squeeze,Bollinger Squeeze Breakout,SHORT
2026-02-11T06:55:07+00:00,LTCUSDT,COMMISSION,-0.01956704,USDT,bb_squeeze,Bollinger Squeeze Breakout,SHORT
2026-02-11T06:55:07+00:00,LTCUSDT,COMMISSION,-0.02253332,USDT,bb_squeeze,Bollinger Squeeze Breakout,SHORT
2026-02-11T06:55:07+00:00,LTCUSDT,REALIZED_PNL,0.05264,USDT,bb_squeeze,Bollinger Squeeze Breakout,SHORT
2026-02-11T06:55:07+00:00,LTCUSDT,REALIZED_PNL,0.04039,USDT,bb_squeeze,Bollinger Squeeze Breakout,SHORT
2026-02-11T06:55:07+00:00,LTCUSDT,REALIZED_PNL,0.04512,USDT,bb_squeeze,Bollinger Squeeze Breakout,SHORT
2026-02-11T06:55:07+00:00,LTCUSDT,REALIZED_PNL,0.05196,USDT,bb_squeeze,Bollinger Squeeze Breakout,SHORT
2026-02-11T06:55:07+00:00,LTCUSDT,COMMISSION,-0.01956328,USDT,bb_squeeze,Bollinger Squeeze Breakout,SHORT
2026-02-11T06:55:07+00:00,LTCUSDT,COMMISSION,-0.01501065,USDT,bb_squeeze,Bollinger Squeeze Breakout,SHORT
2026-02-11T06:55:07+00:00,LTCUSDT,COMMISSION,-0.01956704,USDT,bb_squeeze,Bollinger Squeeze Breakout,SHORT
2026-02-11T06:55:07+00:00,LTCUSDT,COMMISSION,-0.02253332,USDT,bb_squeeze,Bollinger Squeeze Breakout,SHORT
2026-02-11T06:55:07+00:00,LTCUSDT,REALIZED_PNL,0.05264,USDT,bb_squeeze,Bollinger Squeeze Breakout,SHORT
2026-02-11T06:55:07+00:00,LTCUSDT,REALIZED_PNL,0.04039,USDT,bb_squeeze,Bollinger Squeeze Breakout,SHORT
2026-02-11T06:55:07+00:00,LTCUSDT,REALIZED_PNL,0.04512,USDT,bb_squeeze,Bollinger Squeeze Breakout,SHORT
2026-02-11T06:55:07+00:00,LTCUSDT,REALIZED_PNL,0.05196,USDT,bb_squeeze,Bollinger Squeeze Breakout,SHORT
2026-02-11T06:55:07+00:00,LTCUSDT,COMMISSION,-0.01956328,USDT,bb_squeeze,Bollinger Squeeze Breakout,SHORT
2026-02-11T06:55:07+00:00,LTCUSDT,COMMISSION,-0.01501065,USDT,bb_squeeze,Bollinger Squeeze Breakout,SHORT
2026-02-11T06:55:07+00:00,LTCUSDT,COMMISSION,-0.01956704,USDT,bb_squeeze,Bollinger Squeeze Breakout,SHORT
2026-02-11T06:55:07+00:00,LTCUSDT,COMMISSION,-0.02253332,USDT,bb_squeeze,Bollinger Squeeze Breakout,SHORT
2026-02-11T06:55:07+00:00,LTCUSDT,REALIZED_PNL,0.05264,USDT,bb_squeeze,Bollinger Squeeze Breakout,SHORT
2026-02-11T06:55:07+00:00,LTCUSDT,REALIZED_PNL,0.04039,USDT,bb_squeeze,Bollinger Squeeze Breakout,SHORT
2026-02-11T06:55:07+00:00,LTCUSDT,REALIZED_PNL,0.04512,USDT,bb_squeeze,Bollinger Squeeze Breakout,SHORT
2026-02-11T06:55:07+00:00,LTCUSDT,REALIZED_PNL,0.05196,USDT,bb_squeeze,Bollinger Squeeze Breakout,SHORT
2026-02-11T06:55:07+00:00,LTCUSDT,COMMISSION,-0.01956328,USDT,bb_squeeze,Bollinger Squeeze Breakout,SHORT
2026-02-11T06:55:07+00:00,LTCUSDT,COMMISSION,-0.01501065,USDT,bb_squeeze,Bollinger Squeeze Breakout,SHORT
2026-02-11T06:55:07+00:00,LTCUSDT,COMMISSION,-0.01956704,USDT,bb_squeeze,Bollinger Squeeze Breakout,SHORT
2026-02-11T06:55:07+00:00,LTCUSDT,COMMISSION,-0.02253332,USDT,bb_squeeze,Bollinger Squeeze Breakout,SHORT
2026-02-11T06:55:07+00:00,LTCUSDT,REALIZED_PNL,0.05264,USDT,bb_squeeze,Bollinger Squeeze Breakout,SHORT
2026-02-11T06:55:07+00:00,LTCUSDT,REALIZED_PNL,0.04039,USDT,bb_squeeze,Bollinger Squeeze Breakout,SHORT
2026-02-11T06:55:07+00:00,LTCUSDT,REALIZED_PNL,0.04512,USDT,bb_squeeze,Bollinger Squeeze Breakout,SHORT
2026-02-11T06:55:07+00:00,LTCUSDT,REALIZED_PNL,0.05196,USDT,bb_squeeze,Bollinger Squeeze Breakout,SHORT
2026-02-11T06:55:07+00:00,LTCUSDT,COMMISSION,-0.01956328,USDT,bb_squeeze,Bollinger Squeeze Breakout,SHORT
2026-02-11T06:55:07+00:00,LTCUSDT,COMMISSION,-0.01501065,USDT,bb_squeeze,Bollinger Squeeze Breakout,SHORT
2026-02-11T06:55:07+00:00,LTCUSDT,COMMISSION,-0.01956704,USDT,bb_squeeze,Bollinger Squeeze Breakout,SHORT
2026-02-11T06:55:07+00:00,LTCUSDT,COMMISSION,-0.02253332,USDT,bb_squeeze,Bollinger Squeeze Breakout,SHORT
2026-02-11T06:55:07+00:00,LTCUSDT,REALIZED_PNL,0.05264,USDT,bb_squeeze,Bollinger Squeeze Breakout,SHORT
2026-02-11T06:55:07+00:00,LTCUSDT,REALIZED_PNL,0.04039,USDT,bb_squeeze,Bollinger Squeeze Breakout,SHORT
2026-02-11T06:55:07+00:00,LTCUSDT,REALIZED_PNL,0.04512,USDT,bb_squeeze,Bollinger Squeeze Breakout,SHORT
2026-02-11T06:55:07+00:00,LTCUSDT,REALIZED_PNL,0.05196,USDT,bb_squeeze,Bollinger Squeeze Breakout,SHORT
2026-02-11T06:55:07+00:00,LTCUSDT,COMMISSION,-0.01956328,USDT,bb_squeeze,Bollinger Squeeze Breakout,SHORT
2026-02-11T06:55:07+00:00,LTCUSDT,COMMISSION,-0.01501065,USDT,bb_squeeze,Bollinger Squeeze Breakout,SHORT
2026-02-11T06:55:07+00:00,LTCUSDT,COMMISSION,-0.01956704,USDT,bb_squeeze,Bollinger Squeeze Breakout,SHORT
2026-02-11T06:55:07+00:00,LTCUSDT,COMMISSION,-0.02253332,USDT,bb_squeeze,Bollinger Squeeze Breakout,SHORT
2026-02-11T06:55:07+00:00,LTCUSDT,REALIZED_PNL,0.05264,USDT,bb_squeeze,Bollinger Squeeze Breakout,SHORT
2026-02-11T06:55:07+00:00,LTCUSDT,REALIZED_PNL,0.04039,USDT,bb_squeeze,Bollinger Squeeze Breakout,SHORT
2026-02-11T06:55:07+00:00,LTCUSDT,REALIZED_PNL,0.04512,USDT,bb_squeeze,Bollinger Squeeze Breakout,SHORT
2026-02-11T06:55:07+00:00,LTCUSDT,REALIZED_PNL,0.05196,USDT,bb_squeeze,Bollinger Squeeze Breakout,SHORT
2026-02-11T06:55:07+00:00,LTCUSDT,COMMISSION,-0.01956328,USDT,bb_squeeze,Bollinger Squeeze Breakout,SHORT
2026-02-11T06:55:07+00:00,LTCUSDT,COMMISSION,-0.01501065,USDT,bb_squeeze,Bollinger Squeeze Breakout,SHORT
2026-02-11T06:55:07+00:00,LTCUSDT,COMMISSION,-0.01956704,USDT,bb_squeeze,Bollinger Squeeze Breakout,SHORT
2026-02-11T06:55:07+00:00,LTCUSDT,COMMISSION,-0.02253332,USDT,bb_squeeze,Bollinger Squeeze Breakout,SHORT
2026-02-11T06:55:07+00:00,LTCUSDT,REALIZED_PNL,0.05264,USDT,bb_squeeze,Bollinger Squeeze Breakout,SHORT
2026-02-11T06:55:07+00:00,LTCUSDT,REALIZED_PNL,0.04039,USDT,bb_squeeze,Bollinger Squeeze Breakout,SHORT
2026-02-11T06:55:07+00:00,LTCUSDT,REALIZED_PNL,0.04512,USDT,bb_squeeze,Bollinger Squeeze Breakout,SHORT
2026-02-11T06:55:07+00:00,LTCUSDT,REALIZED_PNL,0.05196,USDT,bb_squeeze,Bollinger Squeeze Breakout,SHORT
2026-02-11T06:55:07+00:00,LTCUSDT,COMMISSION,-0.01956328,USDT,bb_squeeze,Bollinger Squeeze Breakout,SHORT
2026-02-11T06:55:07+00:00,LTCUSDT,COMMISSION,-0.01501065,USDT,bb_squeeze,Bollinger Squeeze Breakout,SHORT
2026-02-11T06:55:07+00:00,LTCUSDT,COMMISSION,-0.01956704,USDT,bb_squeeze,Bollinger Squeeze Breakout,SHORT
2026-02-11T06:55:07+00:00,LTCUSDT,COMMISSION,-0.02253332,USDT,bb_squeeze,Bollinger Squeeze Breakout,SHORT
2026-02-11T06:55:07+00:00,LTCUSDT,REALIZED_PNL,0.05264,USDT,bb_squeeze,Bollinger Squeeze Breakout,SHORT
2026-02-11T06:55:07+00:00,LTCUSDT,REALIZED_PNL,0.04039,USDT,bb_squeeze,Bollinger Squeeze Breakout,SHORT
2026-02-11T06:55:07+00:00,LTCUSDT,REALIZED_PNL,0.04512,USDT,bb_squeeze,Bollinger Squeeze Breakout,SHORT
2026-02-11T06:55:07+00:00,LTCUSDT,REALIZED_PNL,0.05196,USDT,bb_squeeze,Bollinger Squeeze Breakout,SHORT
2026-02-11T06:55:07+00:00,LTCUSDT,COMMISSION,-0.01956328,USDT,bb_squeeze,Bollinger Squeeze Breakout,SHORT
2026-02-11T06:55:07+00:00,LTCUSDT,COMMISSION,-0.01501065,USDT,bb_squeeze,Bollinger Squeeze Breakout,SHORT
2026-02-11T06:55:07+00:00,LTCUSDT,COMMISSION,-0.01956704,USDT,bb_squeeze,Bollinger Squeeze Breakout,SHORT
2026-02-11T06:55:07+00:00,LTCUSDT,COMMISSION,-0.02253332,USDT,bb_squeeze,Bollinger Squeeze Breakout,SHORT
2026-02-11T06:55:07+00:00,LTCUSDT,REALIZED_PNL,0.05264,USDT,bb_squeeze,Bollinger Squeeze Breakout,SHORT
2026-02-11T06:55:07+00:00,LTCUSDT,REALIZED_PNL,0.04039,USDT,bb_squeeze,Bollinger Squeeze Breakout,SHORT
2026-02-11T06:55:07+00:00,LTCUSDT,REALIZED_PNL,0.04512,USDT,bb_squeeze,Bollinger Squeeze Breakout,SHORT
2026-02-11T06:55:07+00:00,LTCUSDT,REALIZED_PNL,0.05196,USDT,bb_squeeze,Bollinger Squeeze Breakout,SHORT
2026-02-11T06:55:07+00:00,LTCUSDT,COMMISSION,-0.01956328,USDT,bb_squeeze,Bollinger Squeeze Breakout,SHORT
2026-02-11T06:55:07+00:00,LTCUSDT,COMMISSION,-0.01501065,USDT,bb_squeeze,Bollinger Squeeze Breakout,SHORT
2026-02-11T06:55:07+00:00,LTCUSDT,COMMISSION,-0.01956704,USDT,bb_squeeze,Bollinger Squeeze Breakout,SHORT
2026-02-11T06:55:07+00:00,LTCUSDT,COMMISSION,-0.02253332,USDT,bb_squeeze,Bollinger Squeeze Breakout,SHORT
2026-02-11T06:55:07+00:00,LTCUSDT,REALIZED_PNL,0.05264,USDT,bb_squeeze,Bollinger Squeeze Breakout,SHORT
2026-02-11T06:55:07+00:00,LTCUSDT,REALIZED_PNL,0.04039,USDT,bb_squeeze,Bollinger Squeeze Breakout,SHORT
2026-02-11T06:55:07+00:00,LTCUSDT,REALIZED_PNL,0.04512,USDT,bb_squeeze,Bollinger Squeeze Breakout,SHORT
2026-02-11T06:55:07+00:00,LTCUSDT,REALIZED_PNL,0.05196,USDT,bb_squeeze,Bollinger Squeeze Breakout,SHORT
2026-02-11T06:55:07+00:00,LTCUSDT,COMMISSION,-0.01956328,USDT,bb_squeeze,Bollinger Squeeze Breakout,SHORT
2026-02-11T06:55:07+00:00,LTCUSDT,COMMISSION,-0.01501065,USDT,bb_squeeze,Bollinger Squeeze Breakout,SHORT
2026-02-11T06:55:07+00:00,LTCUSDT,COMMISSION,-0.01956704,USDT,bb_squeeze,Bollinger Squeeze Breakout,SHORT
2026-02-11T06:55:07+00:00,LTCUSDT,COMMISSION,-0.02253332,USDT,bb_squeeze,Bollinger Squeeze Breakout,SHORT
2026-02-11T06:55:07+00:00,LTCUSDT,REALIZED_PNL,0.05264,USDT,bb_squeeze,Bollinger Squeeze Breakout,SHORT
2026-02-11T06:55:07+00:00,LTCUSDT,REALIZED_PNL,0.04039,USDT,bb_squeeze,Bollinger Squeeze Breakout,SHORT
2026-02-11T06:55:07+00:00,LTCUSDT,REALIZED_PNL,0.04512,USDT,bb_squeeze,Bollinger Squeeze Breakout,SHORT
2026-02-11T06:55:07+00:00,LTCUSDT,REALIZED_PNL,0.05196,USDT,bb_squeeze,Bollinger Squeeze Breakout,SHORT
2026-02-11T06:55:07+00:00,LTCUSDT,COMMISSION,-0.01956328,USDT,bb_squeeze,Bollinger Squeeze Breakout,SHORT
2026-02-11T06:55:07+00:00,LTCUSDT,COMMISSION,-0.01501065,USDT,bb_squeeze,Bollinger Squeeze Breakout,SHORT
2026-02-11T06:55:07+00:00,LTCUSDT,COMMISSION,-0.01956704,USDT,bb_squeeze,Bollinger Squeeze Breakout,SHORT
2026-02-11T06:55:07+00:00,LTCUSDT,COMMISSION,-0.02253332,USDT,bb_squeeze,Bollinger Squeeze Breakout,SHORT
2026-02-11T06:55:07+00:00,LTCUSDT,REALIZED_PNL,0.05264,USDT,bb_squeeze,Bollinger Squeeze Breakout,SHORT
2026-02-11T06:55:07+00:00,LTCUSDT,REALIZED_PNL,0.04039,USDT,bb_squeeze,Bollinger Squeeze Breakout,SHORT
2026-02-11T06:55:07+00:00,LTCUSDT,REALIZED_PNL,0.04512,USDT,bb_squeeze,Bollinger Squeeze Breakout,SHORT
2026-02-11T06:55:07+00:00,LTCUSDT,REALIZED_PNL,0.05196,USDT,bb_squeeze,Bollinger Squeeze Breakout,SHORT
2026-02-11T06:55:07+00:00,LTCUSDT,COMMISSION,-0.01956328,USDT,bb_squeeze,Bollinger Squeeze Breakout,SHORT
2026-02-11T06:55:07+00:00,LTCUSDT,COMMISSION,-0.01501065,USDT,bb_squeeze,Bollinger Squeeze Breakout,SHORT
2026-02-11T06:55:07+00:00,LTCUSDT,COMMISSION,-0.01956704,USDT,bb_squeeze,Bollinger Squeeze Breakout,SHORT
2026-02-11T06:55:07+00:00,LTCUSDT,COMMISSION,-0.02253332,USDT,bb_squeeze,Bollinger Squeeze Breakout,SHORT
2026-02-11T06:55:07+00:00,LTCUSDT,REALIZED_PNL,0.05264,USDT,bb_squeeze,Bollinger Squeeze Breakout,SHORT
2026-02-11T06:55:07+00:00,LTCUSDT,REALIZED_PNL,0.04039,USDT,bb_squeeze,Bollinger Squeeze Breakout,SHORT
2026-02-11T06:55:07+00:00,LTCUSDT,REALIZED_PNL,0.04512,USDT,bb_squeeze,Bollinger Squeeze Breakout,SHORT
2026-02-11T06:55:07+00:00,LTCUSDT,REALIZED_PNL,0.05196,USDT,bb_squeeze,Bollinger Squeeze Breakout,SHORT
2026-02-11T06:55:07+00:00,LTCUSDT,COMMISSION,-0.01956328,USDT,bb_squeeze,Bollinger Squeeze Breakout,SHORT
2026-02-11T06:55:07+00:00,LTCUSDT,COMMISSION,-0.01501065,USDT,bb_squeeze,Bollinger Squeeze Breakout,SHORT
2026-02-11T06:55:07+00:00,LTCUSDT,COMMISSION,-0.01956704,USDT,bb_squeeze,Bollinger Squeeze Breakout,SHORT
2026-02-11T06:55:07+00:00,LTCUSDT,COMMISSION,-0.02253332,USDT,bb_squeeze,Bollinger Squeeze Breakout,SHORT
2026-02-11T06:55:07+00:00,LTCUSDT,REALIZED_PNL,0.05264,USDT,bb_squeeze,Bollinger Squeeze Breakout,SHORT
2026-02-11T06:55:07+00:00,LTCUSDT,REALIZED_PNL,0.04039,USDT,bb_squeeze,Bollinger Squeeze Breakout,SHORT
2026-02-11T06:55:07+00:00,LTCUSDT,REALIZED_PNL,0.04512,USDT,bb_squeeze,Bollinger Squeeze Breakout,SHORT
2026-02-11T06:55:07+00:00,LTCUSDT,REALIZED_PNL,0.05196,USDT,bb_squeeze,Bollinger Squeeze Breakout,SHORT
2026-02-11T06:55:07+00:00,LTCUSDT,COMMISSION,-0.01956328,USDT,bb_squeeze,Bollinger Squeeze Breakout,SHORT
2026-02-11T06:55:07+00:00,LTCUSDT,COMMISSION,-0.01501065,USDT,bb_squeeze,Bollinger Squeeze Breakout,SHORT
2026-02-11T06:55:07+00:00,LTCUSDT,COMMISSION,-0.01956704,USDT,bb_squeeze,Bollinger Squeeze Breakout,SHORT
2026-02-11T06:55:07+00:00,LTCUSDT,COMMISSION,-0.02253332,USDT,bb_squeeze,Bollinger Squeeze Breakout,SHORT
2026-02-11T06:55:07+00:00,LTCUSDT,REALIZED_PNL,0.05264,USDT,bb_squeeze,Bollinger Squeeze Breakout,SHORT
2026-02-11T06:55:07+00:00,LTCUSDT,REALIZED_PNL,0.04039,USDT,bb_squeeze,Bollinger Squeeze Breakout,SHORT
2026-02-11T06:55:07+00:00,LTCUSDT,REALIZED_PNL,0.04512,USDT,bb_squeeze,Bollinger Squeeze Breakout,SHORT
2026-02-11T06:55:07+00:00,LTCUSDT,REALIZED_PNL,0.05196,USDT,bb_squeeze,Bollinger Squeeze Breakout,SHORT
2026-02-11T06:55:07+00:00,LTCUSDT,COMMISSION,-0.01956328,USDT,bb_squeeze,Bollinger Squeeze Breakout,SHORT
2026-02-11T06:55:07+00:00,LTCUSDT,COMMISSION,-0.01501065,USDT,bb_squeeze,Bollinger Squeeze Breakout,SHORT
2026-02-11T06:55:07+00:00,LTCUSDT,COMMISSION,-0.01956704,USDT,bb_squeeze,Bollinger Squeeze Breakout,SHORT
2026-02-11T06:55:07+00:00,LTCUSDT,COMMISSION,-0.02253332,USDT,bb_squeeze,Bollinger Squeeze Breakout,SHORT
2026-02-11T06:55:07+00:00,LTCUSDT,REALIZED_PNL,0.05264,USDT,bb_squeeze,Bollinger Squeeze Breakout,SHORT
2026-02-11T06:55:07+00:00,LTCUSDT,REALIZED_PNL,0.04039,USDT,bb_squeeze,Bollinger Squeeze Breakout,SHORT
2026-02-11T06:55:07+00:00,LTCUSDT,REALIZED_PNL,0.04512,USDT,bb_squeeze,Bollinger Squeeze Breakout,SHORT
2026-02-11T06:55:07+00:00,LTCUSDT,REALIZED_PNL,0.05196,USDT,bb_squeeze,Bollinger Squeeze Breakout,SHORT
2026-02-11T06:55:07+00:00,LTCUSDT,COMMISSION,-0.01956328,USDT,bb_squeeze,Bollinger Squeeze Breakout,SHORT
2026-02-11T06:55:07+00:00,LTCUSDT,COMMISSION,-0.01501065,USDT,bb_squeeze,Bollinger Squeeze Breakout,SHORT
2026-02-11T06:55:07+00:00,LTCUSDT,COMMISSION,-0.01956704,USDT,bb_squeeze,Bollinger Squeeze Breakout,SHORT
2026-02-11T06:55:07+00:00,LTCUSDT,COMMISSION,-0.02253332,USDT,bb_squeeze,Bollinger Squeeze Breakout,SHORT
2026-02-11T06:55:07+00:00,LTCUSDT,REALIZED_PNL,0.05264,USDT,bb_squeeze,Bollinger Squeeze Breakout,SHORT
2026-02-11T06:55:07+00:00,LTCUSDT,REALIZED_PNL,0.04039,USDT,bb_squeeze,Bollinger Squeeze Breakout,SHORT
2026-02-11T06:55:07+00:00,LTCUSDT,REALIZED_PNL,0.04512,USDT,bb_squeeze,Bollinger Squeeze Breakout,SHORT
2026-02-11T06:55:07+00:00,LTCUSDT,REALIZED_PNL,0.05196,USDT,bb_squeeze,Bollinger Squeeze Breakout,SHORT
2026-02-11T06:55:07+00:00,LTCUSDT,COMMISSION,-0.01956328,USDT,bb_squeeze,Bollinger Squeeze Breakout,SHORT
2026-02-11T06:55:07+00:00,LTCUSDT,COMMISSION,-0.01501065,USDT,bb_squeeze,Bollinger Squeeze Breakout,SHORT
2026-02-11T06:55:07+00:00,LTCUSDT,COMMISSION,-0.01956704,USDT,bb_squeeze,Bollinger Squeeze Breakout,SHORT
2026-02-11T06:55:07+00:00,LTCUSDT,COMMISSION,-0.02253332,USDT,bb_squeeze,Bollinger Squeeze Breakout,SHORT
2026-02-11T06:55:07+00:00,LTCUSDT,REALIZED_PNL,0.05264,USDT,bb_squeeze,Bollinger Squeeze Breakout,SHORT
2026-02-11T06:55:07+00:00,LTCUSDT,REALIZED_PNL,0.04039,USDT,bb_squeeze,Bollinger Squeeze Breakout,SHORT
2026-02-11T06:55:07+00:00,LTCUSDT,REALIZED_PNL,0.04512,USDT,bb_squeeze,Bollinger Squeeze Breakout,SHORT
2026-02-11T06:55:07+00:00,LTCUSDT,REALIZED_PNL,0.05196,USDT,bb_squeeze,Bollinger Squeeze Breakout,SHORT
2026-02-11T06:55:07+00:00,LTCUSDT,COMMISSION,-0.01956328,USDT,bb_squeeze,Bollinger Squeeze Breakout,SHORT
2026-02-11T06:55:07+00:00,LTCUSDT,COMMISSION,-0.01501065,USDT,bb_squeeze,Bollinger Squeeze Breakout,SHORT
2026-02-11T06:55:07+00:00,LTCUSDT,COMMISSION,-0.01956704,USDT,bb_squeeze,Bollinger Squeeze Breakout,SHORT
2026-02-11T06:55:07+00:00,LTCUSDT,COMMISSION,-0.02253332,USDT,bb_squeeze,Bollinger Squeeze Breakout,SHORT
2026-02-11T06:55:07+00:00,LTCUSDT,REALIZED_PNL,0.05264,USDT,bb_squeeze,Bollinger Squeeze Breakout,SHORT
2026-02-11T06:55:07+00:00,LTCUSDT,REALIZED_PNL,0.04039,USDT,bb_squeeze,Bollinger Squeeze Breakout,SHORT
2026-02-11T06:55:07+00:00,LTCUSDT,REALIZED_PNL,0.04512,USDT,bb_squeeze,Bollinger Squeeze Breakout,SHORT
2026-02-11T06:55:07+00:00,LTCUSDT,REALIZED_PNL,0.05196,USDT,bb_squeeze,Bollinger Squeeze Breakout,SHORT
2026-02-11T06:55:07+00:00,LTCUSDT,COMMISSION,-0.01956328,USDT,bb_squeeze,Bollinger Squeeze Breakout,SHORT
2026-02-11T06:55:07+00:00,LTCUSDT,COMMISSION,-0.01501065,USDT,bb_squeeze,Bollinger Squeeze Breakout,SHORT
2026-02-11T06:55:07+00:00,LTCUSDT,COMMISSION,-0.01956704,USDT,bb_squeeze,Bollinger Squeeze Breakout,SHORT
2026-02-11T06:55:07+00:00,LTCUSDT,COMMISSION,-0.02253332,USDT,bb_squeeze,Bollinger Squeeze Breakout,SHORT
2026-02-11T06:55:07+00:00,LTCUSDT,REALIZED_PNL,0.05264,USDT,bb_squeeze,Bollinger Squeeze Breakout,SHORT
2026-02-11T06:55:07+00:00,LTCUSDT,REALIZED_PNL,0.04039,USDT,bb_squeeze,Bollinger Squeeze Breakout,SHORT
2026-02-11T06:55:07+00:00,LTCUSDT,REALIZED_PNL,0.04512,USDT,bb_squeeze,Bollinger Squeeze Breakout,SHORT
2026-02-11T06:55:07+00:00,LTCUSDT,REALIZED_PNL,0.05196,USDT,bb_squeeze,Bollinger Squeeze Breakout,SHORT
2026-02-11T06:55:07+00:00,LTCUSDT,COMMISSION,-0.01956328,USDT,bb_squeeze,Bollinger Squeeze Breakout,SHORT
2026-02-11T06:55:07+00:00,LTCUSDT,COMMISSION,-0.01501065,USDT,bb_squeeze,Bollinger Squeeze Breakout,SHORT
2026-02-11T06:55:07+00:00,LTCUSDT,COMMISSION,-0.01956704,USDT,bb_squeeze,Bollinger Squeeze Breakout,SHORT
2026-02-11T06:55:07+00:00,LTCUSDT,COMMISSION,-0.02253332,USDT,bb_squeeze,Bollinger Squeeze Breakout,SHORT
2026-02-11T06:55:07+00:00,LTCUSDT,REALIZED_PNL,0.05264,USDT,bb_squeeze,Bollinger Squeeze Breakout,SHORT
2026-02-11T06:55:07+00:00,LTCUSDT,REALIZED_PNL,0.04039,USDT,bb_squeeze,Bollinger Squeeze Breakout,SHORT
2026-02-11T06:55:07+00:00,LTCUSDT,REALIZED_PNL,0.04512,USDT,bb_squeeze,Bollinger Squeeze Breakout,SHORT
2026-02-11T06:55:07+00:00,LTCUSDT,REALIZED_PNL,0.05196,USDT,bb_squeeze,Bollinger Squeeze Breakout,SHORT
2026-02-11T06:55:07+00:00,LTCUSDT,COMMISSION,-0.01956328,USDT,bb_squeeze,Bollinger Squeeze Breakout,SHORT
2026-02-11T06:55:07+00:00,LTCUSDT,COMMISSION,-0.01501065,USDT,bb_squeeze,Bollinger Squeeze Breakout,SHORT
2026-02-11T06:55:07+00:00,LTCUSDT,COMMISSION,-0.01956704,USDT,bb_squeeze,Bollinger Squeeze Breakout,SHORT
2026-02-11T06:55:07+00:00,LTCUSDT,COMMISSION,-0.02253332,USDT,bb_squeeze,Bollinger Squeeze Breakout,SHORT
2026-02-11T06:55:07+00:00,LTCUSDT,REALIZED_PNL,0.05264,USDT,bb_squeeze,Bollinger Squeeze Breakout,SHORT
2026-02-11T06:55:07+00:00,LTCUSDT,REALIZED_PNL,0.04039,USDT,bb_squeeze,Bollinger Squeeze Breakout,SHORT
2026-02-11T06:55:07+00:00,LTCUSDT,REALIZED_PNL,0.04512,USDT,bb_squeeze,Bollinger Squeeze Breakout,SHORT
2026-02-11T06:55:07+00:00,LTCUSDT,REALIZED_PNL,0.05196,USDT,bb_squeeze,Bollinger Squeeze Breakout,SHORT
2026-02-11T06:55:07+00:00,LTCUSDT,COMMISSION,-0.01956328,USDT,bb_squeeze,Bollinger Squeeze Breakout,SHORT
2026-02-11T06:55:07+00:00,LTCUSDT,COMMISSION,-0.01501065,USDT,bb_squeeze,Bollinger Squeeze Breakout,SHORT
2026-02-11T06:55:07+00:00,LTCUSDT,COMMISSION,-0.01956704,USDT,bb_squeeze,Bollinger Squeeze Breakout,SHORT
2026-02-11T06:55:07+00:00,LTCUSDT,COMMISSION,-0.02253332,USDT,bb_squeeze,Bollinger Squeeze Breakout,SHORT
2026-02-11T06:55:07+00:00,LTCUSDT,REALIZED_PNL,0.05264,USDT,bb_squeeze,Bollinger Squeeze Breakout,SHORT
2026-02-11T06:55:07+00:00,LTCUSDT,REALIZED_PNL,0.04039,USDT,bb_squeeze,Bollinger Squeeze Breakout,SHORT
2026-02-11T06:55:07+00:00,LTCUSDT,REALIZED_PNL,0.04512,USDT,bb_squeeze,Bollinger Squeeze Breakout,SHORT
2026-02-11T06:55:07+00:00,LTCUSDT,REALIZED_PNL,0.05196,USDT,bb_squeeze,Bollinger Squeeze Breakout,SHORT
2026-02-11T06:55:07+00:00,LTCUSDT,COMMISSION,-0.01956328,USDT,bb_squeeze,Bollinger Squeeze Breakout,SHORT
2026-02-11T06:55:07+00:00,LTCUSDT,COMMISSION,-0.01501065,USDT,bb_squeeze,Bollinger Squeeze Breakout,SHORT
2026-02-11T06:55:07+00:00,LTCUSDT,COMMISSION,-0.01956704,USDT,bb_squeeze,Bollinger Squeeze Breakout,SHORT
2026-02-11T06:55:07+00:00,LTCUSDT,COMMISSION,-0.02253332,USDT,bb_squeeze,Bollinger Squeeze Breakout,SHORT
2026-02-11T06:55:07+00:00,LTCUSDT,REALIZED_PNL,0.05264,USDT,bb_squeeze,Bollinger Squeeze Breakout,SHORT
2026-02-11T06:55:07+00:00,LTCUSDT,REALIZED_PNL,0.04039,USDT,bb_squeeze,Bollinger Squeeze Breakout,SHORT
2026-02-11T06:55:07+00:00,LTCUSDT,REALIZED_PNL,0.04512,USDT,bb_squeeze,Bollinger Squeeze Breakout,SHORT
2026-02-11T06:55:07+00:00,LTCUSDT,REALIZED_PNL,0.05196,USDT,bb_squeeze,Bollinger Squeeze Breakout,SHORT
2026-02-11T06:55:07+00:00,LTCUSDT,COMMISSION,-0.01956328,USDT,bb_squeeze,Bollinger Squeeze Breakout,SHORT
2026-02-11T06:55:07+00:00,LTCUSDT,COMMISSION,-0.01501065,USDT,bb_squeeze,Bollinger Squeeze Breakout,SHORT
2026-02-11T06:55:07+00:00,LTCUSDT,COMMISSION,-0.01956704,USDT,bb_squeeze,Bollinger Squeeze Breakout,SHORT
2026-02-11T06:55:07+00:00,LTCUSDT,COMMISSION,-0.02253332,USDT,bb_squeeze,Bollinger Squeeze Breakout,SHORT
2026-02-11T06:55:07+00:00,LTCUSDT,REALIZED_PNL,0.05264,USDT,bb_squeeze,Bollinger Squeeze Breakout,SHORT
2026-02-11T06:55:07+00:00,LTCUSDT,REALIZED_PNL,0.04039,USDT,bb_squeeze,Bollinger Squeeze Breakout,SHORT
2026-02-11T06:55:07+00:00,LTCUSDT,REALIZED_PNL,0.04512,USDT,bb_squeeze,Bollinger Squeeze Breakout,SHORT
2026-02-11T06:55:07+00:00,LTCUSDT,REALIZED_PNL,0.05196,USDT,bb_squeeze,Bollinger Squeeze Breakout,SHORT
2026-02-11T06:55:07+00:00,LTCUSDT,COMMISSION,-0.01956328,USDT,bb_squeeze,Bollinger Squeeze Breakout,SHORT
2026-02-11T06:55:07+00:00,LTCUSDT,COMMISSION,-0.01501065,USDT,bb_squeeze,Bollinger Squeeze Breakout,SHORT
2026-02-11T06:55:07+00:00,LTCUSDT,COMMISSION,-0.01956704,USDT,bb_squeeze,Bollinger Squeeze Breakout,SHORT
2026-02-11T06:55:07+00:00,LTCUSDT,COMMISSION,-0.02253332,USDT,bb_squeeze,Bollinger Squeeze Breakout,SHORT
2026-02-11T06:55:07+00:00,LTCUSDT,REALIZED_PNL,0.05264,USDT,bb_squeeze,Bollinger Squeeze Breakout,SHORT
2026-02-11T06:55:07+00:00,LTCUSDT,REALIZED_PNL,0.04039,USDT,bb_squeeze,Bollinger Squeeze Breakout,SHORT
2026-02-11T06:55:07+00:00,LTCUSDT,REALIZED_PNL,0.04512,USDT,bb_squeeze,Bollinger Squeeze Breakout,SHORT
2026-02-11T06:55:07+00:00,LTCUSDT,REALIZED_PNL,0.05196,USDT,bb_squeeze,Bollinger Squeeze Breakout,SHORT
2026-02-11T06:55:07+00:00,LTCUSDT,COMMISSION,-0.01956328,USDT,bb_squeeze,Bollinger Squeeze Breakout,SHORT
2026-02-11T06:55:07+00:00,LTCUSDT,COMMISSION,-0.01501065,USDT,bb_squeeze,Bollinger Squeeze Breakout,SHORT
2026-02-11T06:55:07+00:00,LTCUSDT,COMMISSION,-0.01956704,USDT,bb_squeeze,Bollinger Squeeze Breakout,SHORT
2026-02-11T06:55:07+00:00,LTCUSDT,COMMISSION,-0.02253332,USDT,bb_squeeze,Bollinger Squeeze Breakout,SHORT
2026-02-11T06:55:07+00:00,LTCUSDT,REALIZED_PNL,0.05264,USDT,bb_squeeze,Bollinger Squeeze Breakout,SHORT
2026-02-11T06:55:07+00:00,LTCUSDT,REALIZED_PNL,0.04039,USDT,bb_squeeze,Bollinger Squeeze Breakout,SHORT
2026-02-11T06:55:07+00:00,LTCUSDT,REALIZED_PNL,0.04512,USDT,bb_squeeze,Bollinger Squeeze Breakout,SHORT
2026-02-11T06:55:07+00:00,LTCUSDT,REALIZED_PNL,0.05196,USDT,bb_squeeze,Bollinger Squeeze Breakout,SHORT
2026-02-11T06:55:07+00:00,LTCUSDT,COMMISSION,-0.01956328,USDT,bb_squeeze,Bollinger Squeeze Breakout,SHORT
2026-02-11T06:55:07+00:00,LTCUSDT,COMMISSION,-0.01501065,USDT,bb_squeeze,Bollinger Squeeze Breakout,SHORT
2026-02-11T06:55:07+00:00,LTCUSDT,COMMISSION,-0.01956704,USDT,bb_squeeze,Bollinger Squeeze Breakout,SHORT
2026-02-11T06:55:07+00:00,LTCUSDT,COMMISSION,-0.02253332,USDT,bb_squeeze,Bollinger Squeeze Breakout,SHORT
2026-02-11T06:55:07+00:00,LTCUSDT,REALIZED_PNL,0.05264,USDT,bb_squeeze,Bollinger Squeeze Breakout,SHORT
2026-02-11T06:55:07+00:00,LTCUSDT,REALIZED_PNL,0.04039,USDT,bb_squeeze,Bollinger Squeeze Breakout,SHORT
2026-02-11T06:55:07+00:00,LTCUSDT,REALIZED_PNL,0.04512,USDT,bb_squeeze,Bollinger Squeeze Breakout,SHORT
2026-02-11T06:55:07+00:00,LTCUSDT,REALIZED_PNL,0.05196,USDT,bb_squeeze,Bollinger Squeeze Breakout,SHORT
2026-02-11T06:55:07+00:00,LTCUSDT,COMMISSION,-0.01956328,USDT,bb_squeeze,Bollinger Squeeze Breakout,SHORT
2026-02-11T06:55:07+00:00,LTCUSDT,COMMISSION,-0.01501065,USDT,bb_squeeze,Bollinger Squeeze Breakout,SHORT
2026-02-11T06:55:07+00:00,LTCUSDT,COMMISSION,-0.01956704,USDT,bb_squeeze,Bollinger Squeeze Breakout,SHORT
2026-02-11T06:55:07+00:00,LTCUSDT,COMMISSION,-0.02253332,USDT,bb_squeeze,Bollinger Squeeze Breakout,SHORT
2026-02-11T06:55:07+00:00,LTCUSDT,REALIZED_PNL,0.05264,USDT,bb_squeeze,Bollinger Squeeze Breakout,SHORT
2026-02-11T06:55:07+00:00,LTCUSDT,REALIZED_PNL,0.04039,USDT,bb_squeeze,Bollinger Squeeze Breakout,SHORT
2026-02-11T06:55:07+00:00,LTCUSDT,REALIZED_PNL,0.04512,USDT,bb_squeeze,Bollinger Squeeze Breakout,SHORT
2026-02-11T06:55:07+00:00,LTCUSDT,REALIZED_PNL,0.05196,USDT,bb_squeeze,Bollinger Squeeze Breakout,SHORT
2026-02-11T06:55:07+00:00,LTCUSDT,COMMISSION,-0.01956328,USDT,bb_squeeze,Bollinger Squeeze Breakout,SHORT
2026-02-11T06:55:07+00:00,LTCUSDT,COMMISSION,-0.01501065,USDT,bb_squeeze,Bollinger Squeeze Breakout,SHORT
2026-02-11T06:55:07+00:00,LTCUSDT,COMMISSION,-0.01956704,USDT,bb_squeeze,Bollinger Squeeze Breakout,SHORT
2026-02-11T06:55:07+00:00,LTCUSDT,COMMISSION,-0.02253332,USDT,bb_squeeze,Bollinger Squeeze Breakout,SHORT
2026-02-11T06:55:07+00:00,LTCUSDT,REALIZED_PNL,0.05264,USDT,bb_squeeze,Bollinger Squeeze Breakout,SHORT
2026-02-11T06:55:07+00:00,LTCUSDT,REALIZED_PNL,0.04039,USDT,bb_squeeze,Bollinger Squeeze Breakout,SHORT
2026-02-11T06:55:07+00:00,LTCUSDT,REALIZED_PNL,0.04512,USDT,bb_squeeze,Bollinger Squeeze Breakout,SHORT
2026-02-11T06:55:07+00:00,LTCUSDT,REALIZED_PNL,0.05196,USDT,bb_squeeze,Bollinger Squeeze Breakout,SHORT
2026-02-11T06:55:07+00:00,LTCUSDT,COMMISSION,-0.01956328,USDT,bb_squeeze,Bollinger Squeeze Breakout,SHORT
2026-02-11T06:55:07+00:00,LTCUSDT,COMMISSION,-0.01501065,USDT,bb_squeeze,Bollinger Squeeze Breakout,SHORT
2026-02-11T06:55:07+00:00,LTCUSDT,COMMISSION,-0.01956704,USDT,bb_squeeze,Bollinger Squeeze Breakout,SHORT
2026-02-11T06:55:07+00:00,LTCUSDT,COMMISSION,-0.02253332,USDT,bb_squeeze,Bollinger Squeeze Breakout,SHORT
2026-02-11T06:55:07+00:00,LTCUSDT,REALIZED_PNL,0.05264,USDT,bb_squeeze,Bollinger Squeeze Breakout,SHORT
2026-02-11T06:55:07+00:00,LTCUSDT,REALIZED_PNL,0.04039,USDT,bb_squeeze,Bollinger Squeeze Breakout,SHORT
2026-02-11T06:55:07+00:00,LTCUSDT,REALIZED_PNL,0.04512,USDT,bb_squeeze,Bollinger Squeeze Breakout,SHORT
2026-02-11T06:55:07+00:00,LTCUSDT,REALIZED_PNL,0.05196,USDT,bb_squeeze,Bollinger Squeeze Breakout,SHORT
2026-02-11T06:55:07+00:00,LTCUSDT,COMMISSION,-0.01956328,USDT,bb_squeeze,Bollinger Squeeze Breakout,SHORT
2026-02-11T06:55:07+00:00,LTCUSDT,COMMISSION,-0.01501065,USDT,bb_squeeze,Bollinger Squeeze Breakout,SHORT
2026-02-11T06:55:07+00:00,LTCUSDT,COMMISSION,-0.01956704,USDT,bb_squeeze,Bollinger Squeeze Breakout,SHORT
2026-02-11T06:55:07+00:00,LTCUSDT,COMMISSION,-0.02253332,USDT,bb_squeeze,Bollinger Squeeze Breakout,SHORT
2026-02-11T06:55:07+00:00,LTCUSDT,REALIZED_PNL,0.05264,USDT,bb_squeeze,Bollinger Squeeze Breakout,SHORT
2026-02-11T06:55:07+00:00,LTCUSDT,REALIZED_PNL,0.04039,USDT,bb_squeeze,Bollinger Squeeze Breakout,SHORT
2026-02-11T06:55:07+00:00,LTCUSDT,REALIZED_PNL,0.04512,USDT,bb_squeeze,Bollinger Squeeze Breakout,SHORT
2026-02-11T06:55:07+00:00,LTCUSDT,REALIZED_PNL,0.05196,USDT,bb_squeeze,Bollinger Squeeze Breakout,SHORT
2026-02-11T06:55:07+00:00,LTCUSDT,COMMISSION,-0.01956328,USDT,bb_squeeze,Bollinger Squeeze Breakout,SHORT
2026-02-11T06:55:07+00:00,LTCUSDT,COMMISSION,-0.01501065,USDT,bb_squeeze,Bollinger Squeeze Breakout,SHORT
2026-02-11T06:55:07+00:00,LTCUSDT,COMMISSION,-0.01956704,USDT,bb_squeeze,Bollinger Squeeze Breakout,SHORT
2026-02-11T06:55:07+00:00,LTCUSDT,COMMISSION,-0.02253332,USDT,bb_squeeze,Bollinger Squeeze Breakout,SHORT
2026-02-11T06:55:07+00:00,LTCUSDT,REALIZED_PNL,0.05264,USDT,bb_squeeze,Bollinger Squeeze Breakout,SHORT
2026-02-11T06:55:07+00:00,LTCUSDT,REALIZED_PNL,0.04039,USDT,bb_squeeze,Bollinger Squeeze Breakout,SHORT
2026-02-11T06:55:07+00:00,LTCUSDT,REALIZED_PNL,0.04512,USDT,bb_squeeze,Bollinger Squeeze Breakout,SHORT
2026-02-11T06:55:07+00:00,LTCUSDT,REALIZED_PNL,0.05196,USDT,bb_squeeze,Bollinger Squeeze Breakout,SHORT
2026-02-11T06:55:07+00:00,LTCUSDT,COMMISSION,-0.01956328,USDT,bb_squeeze,Bollinger Squeeze Breakout,SHORT
2026-02-11T06:55:07+00:00,LTCUSDT,COMMISSION,-0.01501065,USDT,bb_squeeze,Bollinger Squeeze Breakout,SHORT
2026-02-11T06:55:07+00:00,LTCUSDT,COMMISSION,-0.01956704,USDT,bb_squeeze,Bollinger Squeeze Breakout,SHORT
2026-02-11T06:55:07+00:00,LTCUSDT,COMMISSION,-0.02253332,USDT,bb_squeeze,Bollinger Squeeze Breakout,SHORT
2026-02-11T06:55:07+00:00,LTCUSDT,REALIZED_PNL,0.05264,USDT,bb_squeeze,Bollinger Squeeze Breakout,SHORT
2026-02-11T06:55:07+00:00,LTCUSDT,REALIZED_PNL,0.04039,USDT,bb_squeeze,Bollinger Squeeze Breakout,SHORT
2026-02-11T06:55:07+00:00,LTCUSDT,REALIZED_PNL,0.04512,USDT,bb_squeeze,Bollinger Squeeze Breakout,SHORT
2026-02-11T06:55:07+00:00,LTCUSDT,REALIZED_PNL,0.05196,USDT,bb_squeeze,Bollinger Squeeze Breakout,SHORT
2026-02-11T06:55:07+00:00,LTCUSDT,COMMISSION,-0.01956328,USDT,bb_squeeze,Bollinger Squeeze Breakout,SHORT
2026-02-11T06:55:07+00:00,LTCUSDT,COMMISSION,-0.01501065,USDT,bb_squeeze,Bollinger Squeeze Breakout,SHORT
2026-02-11T06:55:07+00:00,LTCUSDT,COMMISSION,-0.01956704,USDT,bb_squeeze,Bollinger Squeeze Breakout,SHORT
2026-02-11T06:55:07+00:00,LTCUSDT,COMMISSION,-0.02253332,USDT,bb_squeeze,Bollinger Squeeze Breakout,SHORT
2026-02-11T06:55:07+00:00,LTCUSDT,REALIZED_PNL,0.05264,USDT,bb_squeeze,Bollinger Squeeze Breakout,SHORT
2026-02-11T06:55:07+00:00,LTCUSDT,REALIZED_PNL,0.04039,USDT,bb_squeeze,Bollinger Squeeze Breakout,SHORT
2026-02-11T06:55:07+00:00,LTCUSDT,REALIZED_PNL,0.04512,USDT,bb_squeeze,Bollinger Squeeze Breakout,SHORT
2026-02-11T06:55:07+00:00,LTCUSDT,REALIZED_PNL,0.05196,USDT,bb_squeeze,Bollinger Squeeze Breakout,SHORT
2026-02-11T06:55:07+00:00,LTCUSDT,COMMISSION,-0.01956328,USDT,bb_squeeze,Bollinger Squeeze Breakout,SHORT
2026-02-11T06:55:07+00:00,LTCUSDT,COMMISSION,-0.01501065,USDT,bb_squeeze,Bollinger Squeeze Breakout,SHORT
2026-02-11T06:55:07+00:00,LTCUSDT,COMMISSION,-0.01956704,USDT,bb_squeeze,Bollinger Squeeze Breakout,SHORT
2026-02-11T06:55:07+00:00,LTCUSDT,COMMISSION,-0.02253332,USDT,bb_squeeze,Bollinger Squeeze Breakout,SHORT
2026-02-11T06:55:07+00:00,LTCUSDT,REALIZED_PNL,0.05264,USDT,bb_squeeze,Bollinger Squeeze Breakout,SHORT
2026-02-11T06:55:07+00:00,LTCUSDT,REALIZED_PNL,0.04039,USDT,bb_squeeze,Bollinger Squeeze Breakout,SHORT
2026-02-11T06:55:07+00:00,LTCUSDT,REALIZED_PNL,0.04512,USDT,bb_squeeze,Bollinger Squeeze Breakout,SHORT
2026-02-11T06:55:07+00:00,LTCUSDT,REALIZED_PNL,0.05196,USDT,bb_squeeze,Bollinger Squeeze Breakout,SHORT
2026-02-11T06:55:07+00:00,LTCUSDT,COMMISSION,-0.01956328,USDT,bb_squeeze,Bollinger Squeeze Breakout,SHORT
2026-02-11T06:55:07+00:00,LTCUSDT,COMMISSION,-0.01501065,USDT,bb_squeeze,Bollinger Squeeze Breakout,SHORT
2026-02-11T06:55:07+00:00,LTCUSDT,COMMISSION,-0.01956704,USDT,bb_squeeze,Bollinger Squeeze Breakout,SHORT
2026-02-11T06:55:07+00:00,LTCUSDT,COMMISSION,-0.02253332,USDT,bb_squeeze,Bollinger Squeeze Breakout,SHORT
2026-02-11T06:55:07+00:00,LTCUSDT,REALIZED_PNL,0.05264,USDT,bb_squeeze,Bollinger Squeeze Breakout,SHORT
2026-02-11T06:55:07+00:00,LTCUSDT,REALIZED_PNL,0.04039,USDT,bb_squeeze,Bollinger Squeeze Breakout,SHORT
2026-02-11T06:55:07+00:00,LTCUSDT,REALIZED_PNL,0.04512,USDT,bb_squeeze,Bollinger Squeeze Breakout,SHORT
2026-02-11T06:55:07+00:00,LTCUSDT,REALIZED_PNL,0.05196,USDT,bb_squeeze,Bollinger Squeeze Breakout,SHORT
2026-02-11T06:55:07+00:00,LTCUSDT,COMMISSION,-0.01956328,USDT,bb_squeeze,Bollinger Squeeze Breakout,SHORT
2026-02-11T06:55:07+00:00,LTCUSDT,COMMISSION,-0.01501065,USDT,bb_squeeze,Bollinger Squeeze Breakout,SHORT
2026-02-11T06:55:07+00:00,LTCUSDT,COMMISSION,-0.01956704,USDT,bb_squeeze,Bollinger Squeeze Breakout,SHORT
2026-02-11T06:55:07+00:00,LTCUSDT,COMMISSION,-0.02253332,USDT,bb_squeeze,Bollinger Squeeze Breakout,SHORT
2026-02-11T06:55:07+00:00,LTCUSDT,REALIZED_PNL,0.05264,USDT,bb_squeeze,Bollinger Squeeze Breakout,SHORT
2026-02-11T06:55:07+00:00,LTCUSDT,REALIZED_PNL,0.04039,USDT,bb_squeeze,Bollinger Squeeze Breakout,SHORT
2026-02-11T06:55:07+00:00,LTCUSDT,REALIZED_PNL,0.04512,USDT,bb_squeeze,Bollinger Squeeze Breakout,SHORT
2026-02-11T06:55:07+00:00,LTCUSDT,REALIZED_PNL,0.05196,USDT,bb_squeeze,Bollinger Squeeze Breakout,SHORT
2026-02-11T06:55:07+00:00,LTCUSDT,COMMISSION,-0.01956328,USDT,bb_squeeze,Bollinger Squeeze Breakout,SHORT
2026-02-11T06:55:07+00:00,LTCUSDT,COMMISSION,-0.01501065,USDT,bb_squeeze,Bollinger Squeeze Breakout,SHORT
2026-02-11T06:55:07+00:00,LTCUSDT,COMMISSION,-0.01956704,USDT,bb_squeeze,Bollinger Squeeze Breakout,SHORT
2026-02-11T06:55:07+00:00,LTCUSDT,COMMISSION,-0.02253332,USDT,bb_squeeze,Bollinger Squeeze Breakout,SHORT
2026-02-11T06:55:07+00:00,LTCUSDT,REALIZED_PNL,0.05264,USDT,bb_squeeze,Bollinger Squeeze Breakout,SHORT
2026-02-11T06:55:07+00:00,LTCUSDT,REALIZED_PNL,0.04039,USDT,bb_squeeze,Bollinger Squeeze Breakout,SHORT
2026-02-11T06:55:07+00:00,LTCUSDT,REALIZED_PNL,0.04512,USDT,bb_squeeze,Bollinger Squeeze Breakout,SHORT
2026-02-11T06:55:07+00:00,LTCUSDT,REALIZED_PNL,0.05196,USDT,bb_squeeze,Bollinger Squeeze Breakout,SHORT
2026-02-11T06:55:07+00:00,LTCUSDT,COMMISSION,-0.01956328,USDT,bb_squeeze,Bollinger Squeeze Breakout,SHORT
2026-02-11T06:55:07+00:00,LTCUSDT,COMMISSION,-0.01501065,USDT,bb_squeeze,Bollinger Squeeze Breakout,SHORT
2026-02-11T06:55:07+00:00,LTCUSDT,COMMISSION,-0.01956704,USDT,bb_squeeze,Bollinger Squeeze Breakout,SHORT
2026-02-11T06:55:07+00:00,LTCUSDT,COMMISSION,-0.02253332,USDT,bb_squeeze,Bollinger Squeeze Breakout,SHORT
2026-02-11T06:55:07+00:00,LTCUSDT,REALIZED_PNL,0.05264,USDT,bb_squeeze,Bollinger Squeeze Breakout,SHORT
2026-02-11T06:55:07+00:00,LTCUSDT,REALIZED_PNL,0.04039,USDT,bb_squeeze,Bollinger Squeeze Breakout,SHORT
2026-02-11T06:55:07+00:00,LTCUSDT,REALIZED_PNL,0.04512,USDT,bb_squeeze,Bollinger Squeeze Breakout,SHORT
2026-02-11T06:55:07+00:00,LTCUSDT,REALIZED_PNL,0.05196,USDT,bb_squeeze,Bollinger Squeeze Breakout,SHORT
2026-02-11T06:55:07+00:00,LTCUSDT,COMMISSION,-0.01956328,USDT,bb_squeeze,Bollinger Squeeze Breakout,SHORT
2026-02-11T06:55:07+00:00,LTCUSDT,COMMISSION,-0.01501065,USDT,bb_squeeze,Bollinger Squeeze Breakout,SHORT
2026-02-11T06:55:07+00:00,LTCUSDT,COMMISSION,-0.01956704,USDT,bb_squeeze,Bollinger Squeeze Breakout,SHORT
2026-02-11T06:55:07+00:00,LTCUSDT,COMMISSION,-0.02253332,USDT,bb_squeeze,Bollinger Squeeze Breakout,SHORT
2026-02-11T06:55:07+00:00,LTCUSDT,REALIZED_PNL,0.05264,USDT,bb_squeeze,Bollinger Squeeze Breakout,SHORT
2026-02-11T06:55:07+00:00,LTCUSDT,REALIZED_PNL,0.04039,USDT,bb_squeeze,Bollinger Squeeze Breakout,SHORT
2026-02-11T06:55:07+00:00,LTCUSDT,REALIZED_PNL,0.04512,USDT,bb_squeeze,Bollinger Squeeze Breakout,SHORT
2026-02-11T06:55:07+00:00,LTCUSDT,REALIZED_PNL,0.05196,USDT,bb_squeeze,Bollinger Squeeze Breakout,SHORT
2026-02-11T06:55:07+00:00,LTCUSDT,COMMISSION,-0.01956328,USDT,bb_squeeze,Bollinger Squeeze Breakout,SHORT
2026-02-11T06:55:07+00:00,LTCUSDT,COMMISSION,-0.01501065,USDT,bb_squeeze,Bollinger Squeeze Breakout,SHORT
2026-02-11T06:55:07+00:00,LTCUSDT,COMMISSION,-0.01956704,USDT,bb_squeeze,Bollinger Squeeze Breakout,SHORT
2026-02-11T06:55:07+00:00,LTCUSDT,COMMISSION,-0.02253332,USDT,bb_squeeze,Bollinger Squeeze Breakout,SHORT
2026-02-11T06:55:07+00:00,LTCUSDT,REALIZED_PNL,0.05264,USDT,bb_squeeze,Bollinger Squeeze Breakout,SHORT
2026-02-11T06:55:07+00:00,LTCUSDT,REALIZED_PNL,0.04039,USDT,bb_squeeze,Bollinger Squeeze Breakout,SHORT
2026-02-11T06:55:07+00:00,LTCUSDT,REALIZED_PNL,0.04512,USDT,bb_squeeze,Bollinger Squeeze Breakout,SHORT
2026-02-11T06:55:07+00:00,LTCUSDT,REALIZED_PNL,0.05196,USDT,bb_squeeze,Bollinger Squeeze Breakout,SHORT
2026-02-11T06:55:07+00:00,LTCUSDT,COMMISSION,-0.01956328,USDT,bb_squeeze,Bollinger Squeeze Breakout,SHORT
2026-02-11T06:55:07+00:00,LTCUSDT,COMMISSION,-0.01501065,USDT,bb_squeeze,Bollinger Squeeze Breakout,SHORT
2026-02-11T06:55:07+00:00,LTCUSDT,COMMISSION,-0.01956704,USDT,bb_squeeze,Bollinger Squeeze Breakout,SHORT
2026-02-11T06:55:07+00:00,LTCUSDT,COMMISSION,-0.02253332,USDT,bb_squeeze,Bollinger Squeeze Breakout,SHORT
2026-02-11T06:55:07+00:00,LTCUSDT,REALIZED_PNL,0.05264,USDT,bb_squeeze,Bollinger Squeeze Breakout,SHORT
2026-02-11T06:55:07+00:00,LTCUSDT,REALIZED_PNL,0.04039,USDT,bb_squeeze,Bollinger Squeeze Breakout,SHORT
2026-02-11T06:55:07+00:00,LTCUSDT,REALIZED_PNL,0.04512,USDT,bb_squeeze,Bollinger Squeeze Breakout,SHORT
2026-02-11T06:55:07+00:00,LTCUSDT,REALIZED_PNL,0.05196,USDT,bb_squeeze,Bollinger Squeeze Breakout,SHORT
2026-02-11T06:55:07+00:00,LTCUSDT,COMMISSION,-0.01956328,USDT,bb_squeeze,Bollinger Squeeze Breakout,SHORT
2026-02-11T06:55:07+00:00,LTCUSDT,COMMISSION,-0.01501065,USDT,bb_squeeze,Bollinger Squeeze Breakout,SHORT
2026-02-11T06:55:07+00:00,LTCUSDT,COMMISSION,-0.01956704,USDT,bb_squeeze,Bollinger Squeeze Breakout,SHORT
2026-02-11T06:55:07+00:00,LTCUSDT,COMMISSION,-0.02253332,USDT,bb_squeeze,Bollinger Squeeze Breakout,SHORT
2026-02-11T06:55:07+00:00,LTCUSDT,REALIZED_PNL,0.05264,USDT,bb_squeeze,Bollinger Squeeze Breakout,SHORT
2026-02-11T06:55:07+00:00,LTCUSDT,REALIZED_PNL,0.04039,USDT,bb_squeeze,Bollinger Squeeze Breakout,SHORT
2026-02-11T06:55:07+00:00,LTCUSDT,REALIZED_PNL,0.04512,USDT,bb_squeeze,Bollinger Squeeze Breakout,SHORT
2026-02-11T06:55:07+00:00,LTCUSDT,REALIZED_PNL,0.05196,USDT,bb_squeeze,Bollinger Squeeze Breakout,SHORT
2026-02-11T06:55:07+00:00,LTCUSDT,COMMISSION,-0.01956328,USDT,bb_squeeze,Bollinger Squeeze Breakout,SHORT
2026-02-11T06:55:07+00:00,LTCUSDT,COMMISSION,-0.01501065,USDT,bb_squeeze,Bollinger Squeeze Breakout,SHORT
2026-02-11T06:55:07+00:00,LTCUSDT,COMMISSION,-0.01956704,USDT,bb_squeeze,Bollinger Squeeze Breakout,SHORT
2026-02-11T06:55:07+00:00,LTCUSDT,COMMISSION,-0.02253332,USDT,bb_squeeze,Bollinger Squeeze Breakout,SHORT
2026-02-11T06:55:07+00:00,LTCUSDT,REALIZED_PNL,0.05264,USDT,bb_squeeze,Bollinger Squeeze Breakout,SHORT
2026-02-11T06:55:07+00:00,LTCUSDT,REALIZED_PNL,0.04039,USDT,bb_squeeze,Bollinger Squeeze Breakout,SHORT
2026-02-11T06:55:07+00:00,LTCUSDT,REALIZED_PNL,0.04512,USDT,bb_squeeze,Bollinger Squeeze Breakout,SHORT
2026-02-11T06:55:07+00:00,LTCUSDT,REALIZED_PNL,0.05196,USDT,bb_squeeze,Bollinger Squeeze Breakout,SHORT
2026-02-11T06:55:07+00:00,LTCUSDT,COMMISSION,-0.01956328,USDT,bb_squeeze,Bollinger Squeeze Breakout,SHORT
2026-02-11T06:55:07+00:00,LTCUSDT,COMMISSION,-0.01501065,USDT,bb_squeeze,Bollinger Squeeze Breakout,SHORT
2026-02-11T06:55:07+00:00,LTCUSDT,COMMISSION,-0.01956704,USDT,bb_squeeze,Bollinger Squeeze Breakout,SHORT
2026-02-11T06:55:07+00:00,LTCUSDT,COMMISSION,-0.02253332,USDT,bb_squeeze,Bollinger Squeeze Breakout,SHORT
2026-02-11T06:55:07+00:00,LTCUSDT,REALIZED_PNL,0.05264,USDT,bb_squeeze,Bollinger Squeeze Breakout,SHORT
2026-02-11T06:55:07+00:00,LTCUSDT,REALIZED_PNL,0.04039,USDT,bb_squeeze,Bollinger Squeeze Breakout,SHORT
2026-02-11T06:55:07+00:00,LTCUSDT,REALIZED_PNL,0.04512,USDT,bb_squeeze,Bollinger Squeeze Breakout,SHORT
2026-02-11T06:55:07+00:00,LTCUSDT,REALIZED_PNL,0.05196,USDT,bb_squeeze,Bollinger Squeeze Breakout,SHORT
2026-02-11T06:55:07+00:00,LTCUSDT,COMMISSION,-0.01956328,USDT,bb_squeeze,Bollinger Squeeze Breakout,SHORT
2026-02-11T06:55:07+00:00,LTCUSDT,COMMISSION,-0.01501065,USDT,bb_squeeze,Bollinger Squeeze Breakout,SHORT
2026-02-11T06:55:07+00:00,LTCUSDT,COMMISSION,-0.01956704,USDT,bb_squeeze,Bollinger Squeeze Breakout,SHORT
2026-02-11T06:55:07+00:00,LTCUSDT,COMMISSION,-0.02253332,USDT,bb_squeeze,Bollinger Squeeze Breakout,SHORT
2026-02-11T06:55:07+00:00,LTCUSDT,REALIZED_PNL,0.05264,USDT,bb_squeeze,Bollinger Squeeze Breakout,SHORT
2026-02-11T06:55:07+00:00,LTCUSDT,REALIZED_PNL,0.04039,USDT,bb_squeeze,Bollinger Squeeze Breakout,SHORT
2026-02-11T06:55:07+00:00,LTCUSDT,REALIZED_PNL,0.04512,USDT,bb_squeeze,Bollinger Squeeze Breakout,SHORT
2026-02-11T06:55:07+00:00,LTCUSDT,REALIZED_PNL,0.05196,USDT,bb_squeeze,Bollinger Squeeze Breakout,SHORT
2026-02-11T06:55:07+00:00,LTCUSDT,COMMISSION,-0.01956328,USDT,bb_squeeze,Bollinger Squeeze Breakout,SHORT
2026-02-11T06:55:07+00:00,LTCUSDT,COMMISSION,-0.01501065,USDT,bb_squeeze,Bollinger Squeeze Breakout,SHORT
2026-02-11T06:55:07+00:00,LTCUSDT,COMMISSION,-0.01956704,USDT,bb_squeeze,Bollinger Squeeze Breakout,SHORT
2026-02-11T06:55:07+00:00,LTCUSDT,COMMISSION,-0.02253332,USDT,bb_squeeze,Bollinger Squeeze Breakout,SHORT
